name,country,email
Brynne Mcclure,South Africa,venenatis.a@protonmail.couk
Karly Calhoun,Australia,blandit.viverra@hotmail.edu
Acton Webb,Colombia,ut.aliquam.iaculis@hotmail.ca
Alfreda Preston,Philippines,massa@yahoo.com
Jane Stanton,India,etiam.bibendum@hotmail.ca
Elijah Tate,Italy,luctus.et.ultrices@google.couk
Marah Bean,Sweden,scelerisque.scelerisque@outlook.couk
Kaye Dennis,Pakistan,nec.urna.suscipit@protonmail.ca
Burke Wynn,Philippines,nisi@yahoo.net
Isabella Marquez,Netherlands,nisl.quisque@aol.org
Dolan Puckett,New Zealand,risus.donec@hotmail.couk
Olympia Glass,Austria,mi@protonmail.net
Laith Diaz,Pakistan,sagittis.felis@aol.com
May Davis,Netherlands,lobortis@yahoo.net
Nathan Kerr,Indonesia,phasellus.nulla.integer@hotmail.com
Lucy Bradshaw,United Kingdom,nec@icloud.com
Coby Barnett,Norway,eu@aol.com
Ulysses Hill,Netherlands,mollis.nec@google.com
Blaze Owen,Mexico,tellus@yahoo.ca
Marny Vang,Sweden,adipiscing@hotmail.ca
Hollee Fleming,India,maecenas.libero@aol.couk
Hope Mcintyre,Netherlands,interdum.ligula@icloud.ca
Yetta Ruiz,Mexico,duis.gravida@icloud.com
Ingrid Sherman,Australia,vitae.odio@google.edu
Ross Wilcox,New Zealand,fermentum.vel.mauris@hotmail.edu
Acton Holder,Netherlands,tellus.aenean.egestas@icloud.org
Ashely Cruz,France,vel@google.org
Cassandra Leblanc,Costa Rica,nunc@yahoo.org
Alan Adams,Germany,dolor@hotmail.couk
Charles Bond,China,enim.nisl@hotmail.org
Hu Long,Italy,cursus.vestibulum@protonmail.couk
Vivien Lucas,South Africa,netus@outlook.net
David Larson,Spain,consequat@yahoo.edu
Mary Mckee,Singapore,cras.convallis.convallis@yahoo.ca
April Hancock,Belgium,vitae.aliquam.eros@outlook.ca
Lilah Carrillo,Australia,ac@icloud.edu
Isaac Murphy,India,purus.maecenas@protonmail.net
Lael Lawson,Mexico,arcu.vestibulum@google.edu
Nevada Padilla,France,neque.nullam@aol.couk
Erich Camacho,Ireland,aliquam.arcu@protonmail.org
Stephanie Roman,Pakistan,auctor@aol.edu
Ulric Preston,South Korea,lacus.aliquam.rutrum@aol.org
Janna Becker,Norway,ante.lectus@yahoo.org
Alfonso Rice,Turkey,morbi.neque.tellus@google.couk
Aphrodite Haynes,Russian Federation,commodo.ipsum@aol.ca
Emerald Wiley,Spain,eget@yahoo.edu
Amery Hansen,New Zealand,id.ante@icloud.net
Ivory Massey,Ireland,nunc.quis.arcu@outlook.net
Dexter Hunt,Norway,purus.ac@icloud.edu
Sopoline Farrell,Spain,dignissim.tempor@yahoo.ca
Rahim Conner,Norway,lorem@hotmail.ca
Cara Anderson,Mexico,lectus.pede.ultrices@outlook.edu
Brock Reese,United Kingdom,tincidunt.pede@icloud.org
Bert Dixon,Italy,orci.donec@outlook.net
Shea Simon,Vietnam,velit.pellentesque@yahoo.com
Angelica Hopkins,Sweden,cras.dolor@outlook.com
Dacey Guy,Ireland,libero.nec.ligula@google.edu
Azalia Kim,Mexico,non.lobortis.quis@aol.edu
Bertha Garrison,Turkey,cursus.et@icloud.edu
Bernard Ramsey,China,mauris.ipsum@aol.ca
Lesley Mcneil,Norway,imperdiet.ornare@aol.org
Hilda Whitley,Nigeria,sollicitudin.commodo.ipsum@yahoo.edu
Camille Knapp,Peru,rutrum.eu.ultrices@google.com
Colorado Calhoun,Australia,vitae@google.edu
Arden Tate,Netherlands,nulla.magna.malesuada@protonmail.edu
Ariana Ortega,New Zealand,eu.odio@yahoo.couk
Jesse Bentley,France,tristique.pharetra@hotmail.ca
Eliana Wells,China,non.enim@aol.ca
Amery Craig,Chile,sit.amet.dapibus@icloud.com
Stacey Boyd,Brazil,sollicitudin.commodo@google.edu
Francesca Marshall,Colombia,at.fringilla@aol.edu
Warren Black,Colombia,molestie@protonmail.couk
Edward Pace,Netherlands,erat@protonmail.couk
Brenda Mcmahon,Vietnam,duis.cursus@icloud.edu
Zane Villarreal,Belgium,a.neque@google.net
Ora Williamson,Brazil,nulla@yahoo.couk
Chloe Fernandez,Austria,aliquet@outlook.couk
Aaron Kirkland,Nigeria,molestie.tortor@outlook.net
Quail Roach,India,lacinia.sed.congue@google.edu
Gloria Booth,China,aliquam.adipiscing.lacus@aol.org
Ryder Strickland,Netherlands,nam@protonmail.net
Ulla Huffman,China,imperdiet.erat.nonummy@yahoo.net
Rudyard Savage,Philippines,torquent.per@aol.com
Brett Douglas,Chile,a@icloud.edu
Genevieve Sears,Sweden,dui.lectus@hotmail.net
Caleb Bradford,Indonesia,nulla.donec@outlook.com
Francesca Gordon,Singapore,fames.ac@icloud.edu
Nolan Farrell,France,eget.metus@protonmail.org
Britanni Gill,Australia,penatibus.et.magnis@icloud.com
Liberty Underwood,Italy,litora.torquent@aol.org
Blossom Slater,United Kingdom,sociis@google.com
Charles Soto,South Korea,augue.porttitor.interdum@outlook.edu
Wylie Turner,Brazil,vulputate.dui@yahoo.couk
Ivy Turner,India,tellus.justo.sit@protonmail.couk
Jordan Melton,Spain,tincidunt.aliquam.arcu@aol.ca
Penelope Buckner,Mexico,at.augue@hotmail.edu
Elmo Greene,Brazil,eros.nam@outlook.com
Grady Bruce,India,eu.lacus@google.com
Iliana Franklin,Germany,sem@outlook.net
Lewis Hoover,Singapore,tristique.senectus.et@aol.ca
Florence Watson,Russian Federation,vel.pede.blandit@hotmail.ca
Callum Sparks,Mexico,placerat.augue@icloud.edu
Murphy Pitts,Philippines,purus@outlook.net
Donovan Contreras,Colombia,aliquam@protonmail.org
Kamal Garza,Germany,nulla.cras@hotmail.edu
Kaitlin Wagner,Italy,auctor.odio@hotmail.com
Kylan Phillips,Norway,hymenaeos.mauris@yahoo.edu
Cynthia Farrell,Italy,est.tempor.bibendum@hotmail.edu
Zia Brown,Poland,nunc.commodo@outlook.net
Drake Soto,Singapore,nulla.aliquet@google.edu
Fredericka Brown,Philippines,ante.dictum@google.org
Sarah Hull,Russian Federation,dictum.proin.eget@outlook.ca
Rylee Grant,South Korea,ligula@google.ca
Timon Gordon,Spain,bibendum@google.net
Brenda Alston,Russian Federation,nunc.sollicitudin@aol.edu
Jolene Butler,France,a.neque.nullam@icloud.net
Dillon Lester,Peru,purus.mauris.a@outlook.edu
Lana Hayden,South Korea,diam.at@aol.ca
Jada Townsend,Belgium,velit.sed.malesuada@protonmail.ca
Jada Harvey,Russian Federation,massa.quisque.porttitor@icloud.couk
Scarlett Cervantes,South Africa,nascetur.ridiculus@hotmail.net
Macaulay Hall,China,montes.nascetur@aol.ca
Jarrod Montgomery,Vietnam,diam@icloud.couk
Unity Goff,Canada,faucibus.id@google.couk
Erich Gutierrez,Peru,duis.a.mi@yahoo.ca
Maryam Myers,Philippines,in.faucibus@outlook.edu
Adria Leach,Nigeria,egestas@icloud.com
Ray Martinez,Pakistan,semper@protonmail.com
Yuli Mccray,United States,proin@icloud.net
Madeline Walker,China,lorem.eu@icloud.couk
Isaiah Franks,New Zealand,donec.nibh@aol.couk
Axel Sanchez,Indonesia,cursus.et.magna@outlook.couk
Dale Mccarthy,Vietnam,euismod@outlook.com
Olympia Rich,Colombia,mattis.semper.dui@google.net
Cade Donaldson,Peru,quis.accumsan.convallis@aol.com
Sebastian Blake,Peru,faucibus.leo.in@hotmail.edu
Burke Fisher,Indonesia,non.lobortis@google.com
Gay Forbes,Ukraine,nisi.aenean.eget@outlook.com
Austin Rios,Chile,sit@google.net
Chandler Pena,Indonesia,fringilla.porttitor.vulputate@protonmail.ca
Elizabeth Russo,Costa Rica,cras.eu.tellus@protonmail.edu
Camden Hoover,Mexico,dolor.sit@protonmail.net
Lunea Watson,Norway,sed.pede@aol.ca
Desirae Ford,Singapore,sit.amet.faucibus@icloud.couk
Evelyn Francis,Turkey,dolor@yahoo.couk
Odette Murphy,Spain,vehicula.risus@aol.couk
Angela Hicks,Vietnam,luctus@outlook.couk
Callum Booker,Netherlands,eros.nec@protonmail.couk
Maxine Glover,Norway,per.inceptos@yahoo.edu
Jackson Walton,Costa Rica,ligula@hotmail.edu
Holmes Osborne,Ireland,nisi@icloud.com
Nasim Reilly,Singapore,mollis@google.edu
Naida Haynes,Sweden,tellus.justo.sit@outlook.ca
Tashya Newman,Belgium,mattis.velit@google.com
Maggy Adkins,Mexico,non.cursus.non@hotmail.ca
Thaddeus Patrick,New Zealand,enim.diam.vel@google.org
Armand Hinton,South Africa,faucibus.leo.in@aol.org
Dai Frye,Indonesia,mauris.integer@google.net
Boris Medina,France,sollicitudin@google.com
Blythe Witt,Ukraine,duis.volutpat.nunc@outlook.net
Howard Nelson,United Kingdom,mauris@icloud.com
Wade Daniel,South Korea,sem.nulla.interdum@protonmail.net
Drew Nelson,Austria,nunc.mauris@icloud.ca
Mollie Blanchard,Indonesia,nibh.vulputate@icloud.edu
Joy Nieves,Germany,adipiscing.fringilla@aol.couk
Hiram Davidson,Germany,sollicitudin.adipiscing@yahoo.ca
Lars Mitchell,Chile,amet.consectetuer@hotmail.couk
Nathaniel Greer,Sweden,et.ultrices@aol.couk
Kenneth Bolton,Italy,molestie.sodales@icloud.net
Zephania Bradshaw,Mexico,ornare.in.faucibus@yahoo.couk
Roanna Daniel,United Kingdom,euismod.mauris.eu@protonmail.net
Ivana Mcpherson,South Africa,luctus.ut@yahoo.edu
Genevieve Gibbs,Netherlands,vitae.risus@aol.com
Zephr Sheppard,Costa Rica,a.neque.nullam@outlook.edu
Elijah Massey,China,sociis.natoque.penatibus@google.ca
Oleg Mckenzie,Peru,ultrices.a@aol.org
September Franklin,Chile,id.nunc.interdum@outlook.org
Nehru Hays,Philippines,non.egestas.a@hotmail.org
Xenos White,Indonesia,tellus@google.com
Lesley Blackburn,Sweden,diam@google.org
Nichole Anderson,Pakistan,sed.consequat.auctor@outlook.couk
Abra Burnett,Pakistan,ornare@outlook.net
Amos Pearson,Norway,ut.cursus@hotmail.edu
Zephania Taylor,Ukraine,molestie@aol.edu
MacKensie Rich,Russian Federation,diam.sed.diam@yahoo.net
Ramona Armstrong,China,orci.phasellus.dapibus@protonmail.net
Charissa Holland,India,malesuada.fames@google.ca
Lilah Foreman,Austria,mollis.vitae@hotmail.ca
Demetrius Jimenez,Peru,luctus@outlook.edu
Elvis Terry,Germany,in.lobortis@google.com
Genevieve Carter,Ireland,ligula.elit@aol.net
Hop Russell,Pakistan,montes.nascetur@protonmail.couk
Karly Henry,India,sed.eu@outlook.ca
Laith Romero,Russian Federation,semper.pretium@yahoo.edu
Marvin Hunt,Spain,lectus.sit@outlook.couk
Chaim Callahan,Poland,risus.in.mi@aol.couk
Sheila Hampton,Mexico,bibendum@google.ca
Gray Lott,Canada,quam@hotmail.edu
Lucian Neal,Belgium,nibh@google.couk
Chava Stevens,Belgium,mus.proin@protonmail.edu
India Bishop,South Africa,turpis.aliquam@aol.couk
Nola Nieves,Canada,duis@outlook.org
Ryder Benton,United States,id@icloud.org
Gannon Mcdaniel,Italy,ante.blandit@protonmail.edu
Britanney Harding,Netherlands,sit.amet@hotmail.couk
Hamish Yang,Austria,ipsum@aol.net
Helen Wiggins,Australia,dolor.sit@icloud.edu
Sigourney Summers,Vietnam,orci.tincidunt@outlook.edu
Adam Rose,South Korea,leo.morbi@hotmail.com
Vanna Chandler,Ukraine,sem.egestas@aol.edu
Angela Torres,Nigeria,quam.pellentesque@protonmail.org
Otto Chapman,Pakistan,lacinia@icloud.ca
Neve Chase,Peru,imperdiet@outlook.edu
Judah Bentley,Costa Rica,enim.nunc@outlook.edu
Neil Mueller,Pakistan,mauris@google.org
Shaine Gilbert,Canada,donec@hotmail.com
Luke Lawrence,Norway,in.tempus@aol.com
Kasimir Reynolds,Turkey,dictum@hotmail.org
Avram Patrick,United Kingdom,justo.proin@yahoo.ca
Forrest Gallagher,Australia,vitae.diam.proin@hotmail.org
Cooper Bradshaw,Poland,ligula.tortor@google.edu
Malik Fowler,Brazil,tristique.neque.venenatis@aol.edu
Samson Spears,Poland,et.magnis.dis@yahoo.edu
Lee Pitts,New Zealand,sit@outlook.ca
Wynter Abbott,South Korea,nam.interdum@hotmail.edu
Joseph Doyle,Norway,mauris.vestibulum@protonmail.net
Martin Livingston,Austria,malesuada.augue@hotmail.ca
Mark Bell,Spain,augue@protonmail.ca
Cooper Duke,Costa Rica,pharetra.felis@outlook.couk
Grant Allen,Australia,magnis@protonmail.ca
Patience Sheppard,Singapore,duis.at.lacus@aol.net
Allen Burt,Colombia,morbi@google.couk
Cade Washington,Russian Federation,est.mollis.non@aol.net
Samantha Black,Indonesia,in.cursus@hotmail.ca
Cameran Bullock,South Africa,tempor@protonmail.ca
Zenaida Spence,Nigeria,placerat@google.ca
Ivana Wilder,India,suscipit.nonummy@google.com
Armand Mcneil,Italy,adipiscing.enim@icloud.edu
Channing Love,Nigeria,vestibulum.mauris.magna@hotmail.edu
Dane Ortega,Ireland,massa@google.ca
Melvin Hayes,Netherlands,augue@hotmail.com
Derek Rogers,Sweden,vitae.mauris@hotmail.ca
Maia Lyons,India,ac@yahoo.edu
Clinton Brennan,Ukraine,mollis.nec@protonmail.couk
Rahim O'donnell,Italy,dui.in@google.com
Maxine Sloan,India,donec.egestas.duis@icloud.com
Odessa Washington,Nigeria,non.luctus@protonmail.couk
Talon Solis,New Zealand,cras.lorem@protonmail.edu
Clinton Matthews,Nigeria,facilisis@icloud.couk
Cade Hays,United States,sit.amet.dapibus@protonmail.couk
Hanna Hull,Ukraine,rutrum@google.com
Melvin Cochran,Chile,risus.donec@icloud.net
Lenore Ford,Canada,elit.sed.consequat@yahoo.ca
Kelly Levy,Australia,augue.ut@icloud.com
Abbot Gay,Sweden,ornare.placerat@yahoo.net
Rhiannon Hardy,Philippines,eu.neque@outlook.edu
Yeo Mcbride,China,duis@hotmail.ca
Clementine Dixon,United States,sed.eu.nibh@hotmail.net
Sarah Elliott,Indonesia,auctor@hotmail.net
Shannon Rose,South Korea,integer.vitae@aol.couk
Dawn Riggs,Indonesia,dictum.mi.ac@google.edu
Cheryl Stanton,Indonesia,sed.nulla@protonmail.com
Kalia Jefferson,Ukraine,suspendisse.dui.fusce@yahoo.org
Ainsley Snider,France,dignissim.magna.a@hotmail.couk
Amena Franks,Mexico,magna.sed@hotmail.couk
Camilla Oneal,Ireland,ligula.aenean.gravida@google.org
Berk Mcguire,Ukraine,sollicitudin.adipiscing@aol.edu
Sybil Mccoy,Chile,euismod.enim@icloud.net
Graham Nielsen,Costa Rica,magnis.dis@icloud.net
Tanner Hancock,Colombia,a.sollicitudin@google.org
Carolyn Alvarez,Austria,risus.a@icloud.ca
Lisandra Wynn,China,augue.id@hotmail.net
Elton Charles,Mexico,dignissim@protonmail.net
Hadassah King,Austria,sapien@protonmail.couk
Macon Chandler,Indonesia,cras@outlook.net
Jasmine Peters,Pakistan,vivamus.nisi.mauris@aol.edu
Buffy Whitaker,South Africa,sit.amet@google.couk
Luke Hancock,Russian Federation,ut.sagittis@hotmail.couk
April Blankenship,Spain,velit.egestas@hotmail.com
Jameson Puckett,Indonesia,turpis@hotmail.edu
Lamar Fowler,Philippines,lectus.ante@google.ca
Noel Valdez,Russian Federation,inceptos@yahoo.net
Hector Harris,China,molestie.tortor.nibh@aol.ca
Garrison Barrett,India,ligula.consectetuer@icloud.com
Isaac Whitehead,Norway,curabitur.vel@hotmail.com
Ivan Walters,Nigeria,sed.nunc@yahoo.com
Kellie Chavez,Australia,a.malesuada@outlook.com
Isaac Lloyd,United States,sed.dui@protonmail.couk
Bo Graves,Canada,eu@protonmail.net
Rigel Robinson,Philippines,rutrum@yahoo.ca
Macon Bush,Indonesia,lobortis.nisi@protonmail.net
Leah Workman,Vietnam,nibh.aliquam@outlook.net
Meredith Bryan,Colombia,porttitor.scelerisque@outlook.org
Tiger French,Norway,nunc.sit@hotmail.com
Chaney Moss,Colombia,sit.amet@hotmail.com
Carson Foreman,Indonesia,odio.vel@outlook.ca
Coby Graves,Canada,nisi.magna@google.net
Sybil Sweeney,Pakistan,duis.cursus@outlook.net
Alfreda Lamb,Belgium,nunc.pulvinar@outlook.net
Jack Bright,Germany,quis.lectus@yahoo.com
Luke Pennington,Russian Federation,iaculis.nec.eleifend@hotmail.org
Lilah Duffy,Australia,egestas.aliquam@icloud.edu
Vivian Bass,Peru,et.malesuada@icloud.net
Paula Blair,Belgium,suspendisse.aliquet@icloud.couk
Dominique Bowman,Colombia,convallis.in.cursus@yahoo.ca
William Gross,Spain,duis.cursus@icloud.ca
Rashad Burke,Colombia,enim.nec@hotmail.net
Tamara Keith,Ukraine,nullam.nisl@google.com
Farrah Potts,Italy,rhoncus.donec.est@yahoo.ca
Iona Mercer,Chile,ut@google.ca
Justin Holcomb,United Kingdom,mauris@hotmail.couk
Jordan Velez,Netherlands,blandit.viverra@protonmail.couk
Tara Webster,Belgium,odio@google.org
Ross Middleton,Turkey,mi.pede@aol.edu
Meghan Cherry,Peru,eget.laoreet.posuere@aol.com
Hamilton Hudson,Turkey,egestas.hendrerit@outlook.com
Nasim Moss,Singapore,purus.in@icloud.com
Asher Ramsey,Sweden,nunc.quis@icloud.ca
Gannon Mccarty,France,amet@icloud.com
Adele Morse,Turkey,metus.vivamus@yahoo.org
Amos Duncan,Netherlands,eu@icloud.ca
Henry Lucas,Nigeria,eros.nam@hotmail.ca
Noble Pollard,Brazil,at.egestas@icloud.org
Aquila Cooper,Norway,in.aliquet@protonmail.net
Cadman Hatfield,Canada,pede@protonmail.com
Alfonso Cantrell,Belgium,leo.morbi.neque@icloud.ca
Ishmael Singleton,Spain,etiam.ligula@google.couk
Benjamin Ware,Mexico,sit.amet@google.com
Illiana Gardner,Pakistan,ligula.aliquam@aol.com
Irma Kemp,Philippines,sit@icloud.edu
Rose Charles,Canada,ligula.donec@outlook.couk
Leandra Sargent,Spain,nec.quam@google.com
Fletcher Cain,Peru,ac.mattis.velit@aol.edu
Willow Buck,Chile,class.aptent@icloud.net
Daria Mcgee,Turkey,et@google.net
Emerald Roman,Philippines,sit@protonmail.org
Cheyenne Mays,Austria,ullamcorper.viverra.maecenas@aol.org
Jessica Clements,New Zealand,pede.malesuada.vel@hotmail.net
Sacha Bowers,Pakistan,curabitur.sed@outlook.ca
Rahim Quinn,Austria,etiam.ligula.tortor@yahoo.com
Garrison Padilla,Spain,arcu@aol.ca
Philip Browning,Turkey,sed.dictum@outlook.net
Ursa Lynch,United States,molestie@yahoo.net
Daryl Randolph,Norway,dictum.augue@aol.org
Reese Booker,Canada,odio.a@outlook.ca
Chadwick Ruiz,Ireland,ullamcorper.duis.at@hotmail.edu
Daquan Rodriquez,Nigeria,augue.ac@outlook.ca
Brittany Finley,Philippines,ultrices.iaculis.odio@icloud.couk
Iola Schultz,Peru,tincidunt@hotmail.com
Ciaran Larsen,Indonesia,ut@aol.couk
Olga Carey,Vietnam,suspendisse@aol.ca
Dennis Dunn,Germany,in.lobortis@aol.org
Juliet Hines,Peru,nunc.quisque.ornare@icloud.org
Denise Brooks,South Korea,adipiscing.elit.curabitur@yahoo.com
Orlando Mathis,Canada,natoque.penatibus@protonmail.ca
Jane Lawrence,Turkey,sit.amet@icloud.com
Daquan Manning,Philippines,sem.consequat@google.edu
Merritt Meadows,Singapore,mollis.lectus@yahoo.net
Warren Crawford,Pakistan,sit.amet.metus@hotmail.net
Russell Raymond,Singapore,senectus.et@aol.org
Michael Wallace,Italy,suscipit.est@hotmail.org
Axel Baxter,Turkey,vulputate.risus.a@aol.com
Shay Rich,Germany,tellus@aol.ca
Benedict Dejesus,Netherlands,ut.nisi@icloud.couk
Miranda Doyle,Poland,lobortis@google.com
Timon William,Italy,suspendisse.dui@protonmail.net
Abigail Reynolds,Spain,congue@outlook.net
Preston Snyder,Costa Rica,ultrices.vivamus@google.couk
Edward Vinson,Chile,neque@icloud.edu
Emi Welch,Italy,id@outlook.couk
Christian Hooper,Chile,fusce@yahoo.ca
Fiona Lucas,Philippines,tristique.pellentesque@icloud.org
Ashely Baird,China,enim.diam@icloud.edu
Miranda Berg,Italy,libero.est@yahoo.ca
Brady Saunders,Ukraine,praesent.eu.dui@outlook.edu
Geoffrey Morales,Singapore,netus@yahoo.net
Ifeoma Wilkinson,Ukraine,senectus.et@icloud.net
Akeem Taylor,Poland,eget.metus.in@hotmail.net
Colby Erickson,South Korea,semper.auctor@outlook.edu
Brielle Hamilton,Chile,erat@yahoo.ca
Otto Lindsay,Italy,lorem.lorem@google.couk
Alden Barker,Belgium,ut@google.ca
Nehru Vaughn,China,sagittis@hotmail.couk
Hammett Odom,Philippines,sed@hotmail.org
Dolan Sanders,Germany,donec.feugiat@hotmail.ca
Lesley Knowles,Germany,sem.vitae@aol.net
Harding O'brien,Sweden,aliquet.metus@icloud.ca
Hakeem Joyce,Nigeria,euismod.in@aol.org
Xena Lowe,India,diam.nunc.ullamcorper@yahoo.net
Rhea Adkins,Colombia,faucibus.ut.nulla@google.org
Holly Lindsey,Turkey,elit.elit@outlook.com
Francis Pate,Austria,at.fringilla.purus@protonmail.net
Cooper Harrington,Italy,ut.aliquam@google.org
Margaret Cortez,Costa Rica,vestibulum.accumsan.neque@icloud.net
Hector Tate,Ukraine,a.arcu.sed@outlook.ca
Vaughan Brennan,Poland,dignissim.lacus@google.com
Vance Case,Sweden,bibendum.fermentum@hotmail.net
Winifred Sosa,France,phasellus@google.couk
Sade Henderson,Vietnam,ornare@google.couk
Hyatt Christian,Ukraine,justo.proin@outlook.edu
Ariel Estes,Indonesia,scelerisque.neque@yahoo.net
Asher Massey,Vietnam,at.velit.cras@google.com
Ferris Espinoza,Turkey,pellentesque.habitant.morbi@protonmail.couk
Kasimir Kennedy,Mexico,in@aol.net
Alfonso Thomas,Pakistan,mauris.sit.amet@google.com
Shea Gordon,Austria,sed.molestie.sed@protonmail.ca
Amber Mayo,Chile,molestie@icloud.com
Adena Brock,Sweden,interdum.feugiat@icloud.edu
Lee Finley,Chile,in@outlook.edu
Yasir Sparks,Germany,cras.eu@google.net
Hope Sharp,United States,ridiculus.mus.aenean@icloud.ca
Thomas Chang,Italy,netus.et@outlook.net
Salvador Hodges,Philippines,eget.magna@protonmail.net
Celeste Colon,Sweden,sapien.imperdiet@icloud.net
Kellie Battle,Russian Federation,pharetra@icloud.edu
Jaquelyn Crosby,New Zealand,enim@protonmail.edu
Sasha Mercer,Norway,adipiscing.ligula@protonmail.ca
Laith Silva,Indonesia,id.magna@aol.org
Mona Navarro,Mexico,nibh@aol.org
Ivory Cunningham,South Africa,metus.aliquam@icloud.ca
Courtney Molina,Netherlands,phasellus.libero.mauris@aol.net
Madison Maynard,Belgium,orci.luctus@aol.net
Iola Haynes,Ireland,eget.lacus@yahoo.org
Wing Vazquez,Colombia,est.congue@aol.org
Nayda Haney,Belgium,primis@aol.org
Anastasia Gilbert,Indonesia,cursus@hotmail.com
Tanisha Schroeder,India,lacus.varius@yahoo.ca
Desirae Hughes,Poland,accumsan@protonmail.org
Autumn Holden,Ireland,facilisis.lorem.tristique@aol.org
Roanna Leonard,France,at.velit.cras@outlook.couk
April Bender,United Kingdom,nullam@hotmail.com
Clayton Rosario,Singapore,id@aol.couk
Logan Massey,China,diam.eu.dolor@hotmail.ca
Ross Rose,Turkey,proin.sed.turpis@icloud.net
Ima Mcgee,Germany,varius.nam.porttitor@hotmail.org
Heather Bolton,Poland,justo.praesent@hotmail.org
Rafael Meyer,South Africa,aenean.massa@hotmail.ca
Lydia Glover,France,risus.nunc@protonmail.ca
Carl Mayo,Netherlands,laoreet.ipsum.curabitur@outlook.com
Demetrius Horne,Ukraine,ornare@outlook.ca
Clinton White,Netherlands,integer.eu.lacus@icloud.com
Abraham Powers,Belgium,ut.pellentesque.eget@icloud.net
Brett Goodwin,Belgium,a.odio.semper@yahoo.net
Daquan Wallace,Costa Rica,sed@google.edu
Christian Tate,France,amet@hotmail.ca
Rama Mcdonald,Russian Federation,dapibus.id@yahoo.couk
Xander Allison,Turkey,facilisis.facilisis.magna@icloud.net
Edward Patton,South Africa,eget.varius@hotmail.com
Amanda Wynn,Singapore,semper.nam@protonmail.net
Hayes Dillon,Russian Federation,dolor.quisque@aol.net
Drew Hooper,Italy,odio.auctor@hotmail.org
Dai Farrell,Canada,odio.phasellus@yahoo.ca
Prescott James,China,pede.cum.sociis@google.org
Kelsey Higgins,United States,at.libero.morbi@outlook.couk
Uriel Jimenez,France,nonummy.ipsum@protonmail.org
Alfonso Kennedy,Australia,malesuada.id@hotmail.ca
Elaine Gutierrez,India,rhoncus.proin.nisl@google.ca
Wynne Bradford,Netherlands,suspendisse.non@aol.couk
Vernon Blanchard,France,eget.dictum.placerat@hotmail.ca
Tashya Porter,Russian Federation,nunc.est.mollis@protonmail.couk
Melodie Nash,United States,vitae.odio.sagittis@aol.org
Lewis Padilla,Philippines,tellus.suspendisse@yahoo.ca
Jonas Hardin,Indonesia,lectus.ante@google.edu
Rooney Le,United States,scelerisque@google.net
Hammett Lopez,Netherlands,consectetuer@aol.org
Simone Mclaughlin,Chile,lacinia.sed@outlook.edu
Basil Sosa,Indonesia,non.luctus.sit@outlook.couk
Nyssa Wall,Nigeria,nec@hotmail.net
Cora Lowe,Ukraine,duis.sit@icloud.edu
Clinton Acosta,Philippines,sed.congue@google.couk
Clinton Mullen,Spain,sed@google.couk
Lamar Beard,Mexico,arcu.et.pede@aol.com
Quon Cervantes,Poland,mauris.sagittis@google.ca
Fallon Cash,Spain,venenatis.vel@outlook.edu
Oscar Mcclain,Indonesia,mauris.a.nunc@outlook.net
Brett Dickson,Chile,purus.nullam@outlook.org
Jonah Kim,Indonesia,cras.dolor@icloud.edu
Aileen Garrison,Ukraine,in@aol.edu
Unity Vance,Costa Rica,dui.nec.tempus@outlook.ca
Jarrod Foster,Pakistan,vulputate.nisi.sem@aol.org
Merrill Dunlap,China,congue@icloud.net
Kylee Battle,Philippines,consectetuer.cursus@yahoo.org
Clinton Emerson,Spain,habitant.morbi@icloud.edu
Garrison Travis,Mexico,at.egestas@aol.ca
Amber Greene,Indonesia,nisi@outlook.com
Brian Conner,Germany,massa.suspendisse@hotmail.org
Kylee Stone,New Zealand,enim.nisl@outlook.couk
Daphne Briggs,Austria,libero.est@aol.net
Amity Petty,South Korea,lacus.aliquam@icloud.org
Marshall Salas,Colombia,auctor.mauris.vel@aol.edu
Tanner Noel,Brazil,ultrices.sit@protonmail.ca
Shelby Nolan,Netherlands,interdum.nunc.sollicitudin@icloud.edu
Dalton Soto,Colombia,eros@yahoo.net
Christopher Gomez,Norway,donec@google.edu
Mechelle Cain,Ukraine,vulputate.dui@google.com
Sade Hayden,Nigeria,tempor.diam@aol.com
Omar Alston,Chile,nulla@hotmail.couk
Myles Myers,United Kingdom,turpis@protonmail.com
Amos Hebert,Belgium,suspendisse@icloud.com
Deborah Weber,Pakistan,lacinia.orci.consectetuer@google.ca
Calvin Martinez,Sweden,consectetuer.euismod@google.ca
Elmo Mcclure,Norway,eu.ultrices.sit@icloud.org
Arsenio Hughes,Netherlands,eget.mollis.lectus@icloud.edu
Marsden Whitley,Peru,dis.parturient.montes@outlook.ca
Zeus Ramsey,China,metus.eu@yahoo.org
Caryn Garza,Canada,mollis.nec@outlook.couk
Guy Blackwell,France,scelerisque@hotmail.edu
Joan Estrada,Canada,commodo@hotmail.edu
Porter Davidson,Spain,ridiculus.mus@icloud.net
Gareth Sawyer,Canada,libero.est@hotmail.ca
Garrett Vinson,Vietnam,arcu.iaculis@protonmail.couk
Nyssa Sherman,Indonesia,purus@aol.com
Yoko Rivers,Germany,aliquam@protonmail.org
Hall Richards,Costa Rica,ac@outlook.couk
Ira Alford,Nigeria,faucibus.orci@google.com
Dante Fowler,Vietnam,nullam.ut@yahoo.ca
Burton Fletcher,Poland,orci.phasellus.dapibus@protonmail.com
Meredith Warner,South Korea,lorem.donec@icloud.net
Cheyenne Russell,Germany,tincidunt.aliquam@outlook.ca
Neville Harrell,Sweden,aliquam@outlook.net
Blythe Day,Vietnam,luctus.lobortis.class@aol.org
Cora Bonner,Italy,in.magna@icloud.org
Amy Snow,Turkey,neque.et.nunc@aol.couk
Tad Bonner,South Korea,vulputate@google.com
Armand Estes,United States,nam.porttitor@aol.edu
Faith Dejesus,Russian Federation,mauris.aliquam@google.edu
Rhona Weeks,Mexico,orci.lobortis@google.edu
Nasim Fletcher,Australia,pellentesque.a.facilisis@protonmail.net
Grace Langley,Russian Federation,dictum.phasellus@yahoo.edu
Fletcher Irwin,Colombia,sem@icloud.couk
Leah Lindsey,Mexico,erat.semper@hotmail.com
Freya Gamble,Singapore,neque.tellus@hotmail.ca
Claudia Guerra,United States,eleifend.cras@hotmail.couk
Hector Finch,Russian Federation,sem.eget@icloud.ca
Gray Jacobson,Peru,et@google.org
Kadeem Gomez,New Zealand,amet.consectetuer@protonmail.org
Nash Mcintyre,Austria,fusce@aol.net
Hakeem Mckenzie,South Korea,inceptos.hymenaeos.mauris@aol.couk
Kellie Horne,Chile,maecenas.mi@hotmail.ca
Mona Larsen,Brazil,nunc@aol.com
Kathleen Blanchard,India,sed.molestie@icloud.net
Josiah Campos,Canada,eget.metus@hotmail.net
Randall Rowe,Philippines,enim.nisl@icloud.com
Vera Blair,Ukraine,nulla.interdum@hotmail.ca
Irma Simon,Colombia,donec.est.nunc@aol.ca
Aurora Berg,Spain,volutpat.ornare@aol.couk
Nora Little,New Zealand,ultrices.mauris.ipsum@aol.net
Xantha Palmer,South Korea,bibendum.sed.est@google.couk
Oleg Huffman,Costa Rica,convallis@yahoo.com
Dane Ratliff,Philippines,vehicula@protonmail.net
Hamilton Kim,Poland,ullamcorper.nisl.arcu@google.com
Hermione Henry,Poland,sapien.cursus.in@yahoo.com
Cailin Rasmussen,Italy,sagittis.duis@hotmail.com
Amaya Burke,South Africa,magna.a.neque@yahoo.ca
Kenyon Bradley,United Kingdom,mus.proin.vel@google.ca
Heather Bauer,Australia,malesuada.malesuada@hotmail.couk
Caryn Benton,South Africa,luctus.ipsum.leo@google.couk
Fleur Petty,New Zealand,lacus.etiam@aol.org
Flavia Fischer,United States,est.mauris@google.ca
Zachary Glover,Norway,consequat.nec@protonmail.ca
Adara Lambert,China,orci.sem@protonmail.edu
Imelda Robbins,Vietnam,eu.tellus@aol.ca
Garrett Sykes,United Kingdom,ullamcorper.viverra.maecenas@yahoo.couk
Hamilton Wiley,United States,aliquam.auctor.velit@yahoo.net
Luke Mills,Philippines,dapibus@yahoo.org
Callum Stein,China,cras.vulputate@outlook.com
Rowan Spears,Colombia,nulla@aol.edu
Kamal Ellison,South Africa,tincidunt.vehicula@hotmail.ca
Desirae Heath,South Africa,lorem.lorem@outlook.org
Georgia Wilcox,Canada,nec.tempus.scelerisque@icloud.org
Quinn Foley,Spain,lacinia.mattis@aol.edu
Ina Burnett,Pakistan,semper.auctor@aol.net
Wilma Vang,Nigeria,quis.urna@google.com
Dahlia Small,United Kingdom,nisi.sem.semper@icloud.org
Wyatt Dejesus,Chile,curabitur.dictum@protonmail.com
Micah Vaughan,Peru,tellus.nunc@protonmail.net
Luke Page,Germany,sed@aol.net
Christine Flynn,Singapore,eu.neque@protonmail.edu
Elizabeth Medina,China,nec.leo@outlook.net
May Ferrell,Poland,purus.duis@outlook.org
Ria Bright,Germany,nam.porttitor@icloud.edu
Sharon Gutierrez,Pakistan,ultrices@google.com
Tate Cooley,Ukraine,nunc.nulla.vulputate@outlook.couk
Ciara Holloway,Russian Federation,magna.nec.quam@outlook.net
Zachery Randolph,Indonesia,nonummy.ac.feugiat@icloud.couk
Ray Cain,Ireland,purus.accumsan@protonmail.net
Roanna Schroeder,South Africa,arcu.sed.et@outlook.couk
Emerson Hatfield,Canada,enim@icloud.org
Chester Pugh,Costa Rica,fusce.feugiat@google.couk
Kane Lowery,Vietnam,amet.consectetuer@outlook.couk
Driscoll Kirk,Ireland,et.ipsum@hotmail.edu
Barrett Wilson,Poland,sed.molestie@yahoo.ca
Joan Estes,United States,quisque@icloud.net
Amber Fisher,Germany,nibh.aliquam@outlook.org
Lynn Thompson,United Kingdom,enim.consequat@protonmail.com
Scarlet Roberts,Pakistan,turpis.vitae@outlook.org
Yoko Gonzales,India,risus.quis@yahoo.couk
Xavier Olsen,Brazil,eu.nibh@google.org
Yvette Workman,Turkey,turpis.egestas.fusce@outlook.ca
Rigel Tate,Netherlands,quisque@google.edu
Kathleen Mendez,Russian Federation,non@aol.com
Chandler Fowler,Brazil,eros.nam@aol.edu
Bruce Sellers,United States,ultricies.sem@icloud.org
Hyacinth Carey,Canada,fames.ac.turpis@protonmail.com
Quail Shaffer,Philippines,et.magnis@outlook.com
Roanna Joseph,South Korea,faucibus.orci@yahoo.net
Jessica Goff,Netherlands,posuere.cubilia@hotmail.edu
Hayden Albert,United States,eu.enim@icloud.couk
Randall Vincent,Chile,at.pretium.aliquet@outlook.org
Kylee Juarez,Indonesia,quisque.fringilla@google.ca
Abel Foster,Indonesia,magna@icloud.couk
Galvin Lawrence,United Kingdom,vitae@outlook.net
Ginger Price,France,tellus.id@yahoo.edu
Armando Grant,France,semper.et@outlook.com
Carol Case,China,arcu@aol.com
Upton Smith,France,curabitur@aol.net
Latifah Kidd,South Korea,suspendisse@icloud.org
Melissa Frederick,Costa Rica,ante.blandit@protonmail.com
Driscoll Randolph,Spain,enim.etiam@outlook.couk
Marshall Douglas,South Africa,aliquet.magna@icloud.couk
India Hooper,South Korea,erat.vitae@yahoo.org
Mannix Bradshaw,Poland,egestas.aliquam@hotmail.edu
Benedict Michael,United States,lorem.semper@yahoo.net
Rajah Knight,United States,dictum.mi.ac@aol.ca
Cooper Bailey,Norway,dui.lectus@outlook.edu
Isaac Mcintyre,Belgium,mauris.blandit@aol.ca
Danielle Barker,United Kingdom,fringilla@hotmail.couk
Caesar Huber,Mexico,orci.tincidunt.adipiscing@yahoo.net
Lyle Raymond,Sweden,neque.in.ornare@outlook.com
Whilemina Nolan,Vietnam,phasellus@yahoo.edu
Lacota French,Peru,facilisis.suspendisse.commodo@hotmail.net
Sonia Miranda,Italy,non.bibendum@google.ca
Kimberly Vinson,Peru,sed@yahoo.ca
Abigail Best,Spain,luctus.sit@aol.edu
Eric Hester,Nigeria,sit.amet@outlook.ca
Charity Forbes,Indonesia,turpis.in@protonmail.edu
Shelley Chan,Ukraine,nibh.sit.amet@google.net
Bruno Fitzgerald,New Zealand,interdum@icloud.org
Malik Yates,New Zealand,turpis.egestas.fusce@icloud.couk
Chastity Figueroa,Norway,ultrices.posuere@aol.ca
Michael Randolph,Austria,lectus.quis@aol.couk
Hannah Gregory,Chile,eros.proin@yahoo.edu
Xaviera Schroeder,Ukraine,donec@hotmail.edu
Rogan Boyle,Chile,arcu.vivamus@yahoo.org
Rana Boone,Poland,massa.quisque@icloud.edu
Constance Reeves,Ireland,nec@protonmail.com
Carson Bass,Australia,cras.eu@google.ca
Kellie Joyce,United States,sit@aol.com
Ann Colon,New Zealand,nunc@outlook.com
Winifred Richards,United Kingdom,ut@icloud.couk
Chancellor Ryan,Spain,mauris@hotmail.edu
Michael Bernard,Brazil,ipsum.curabitur@aol.edu
Demetrius Dodson,France,mauris@google.org
Violet Dale,Philippines,mauris.sagittis@google.ca
Kiona Schultz,Colombia,parturient.montes@protonmail.couk
Martina Rosa,Poland,purus.gravida.sagittis@aol.com
Julian Rutledge,Australia,id@hotmail.net
Whoopi Watts,Ukraine,mauris.erat@icloud.ca
Alec Petersen,South Korea,et@yahoo.com
Howard Scott,India,amet.consectetuer@google.couk
Georgia Maddox,Peru,pulvinar@protonmail.couk
Gavin Mercado,Australia,aliquet.odio.etiam@protonmail.couk
Deborah Meyer,Mexico,ut.nisi@icloud.edu
Solomon Boyle,New Zealand,eget@aol.edu
Nehru Strong,Canada,lobortis.augue@google.org
Brody Clarke,United States,arcu@outlook.com
Warren Dale,India,nisl.arcu@google.couk
Noelani Frank,Russian Federation,elit.fermentum@aol.com
Quinn Decker,India,lorem.ipsum.sodales@google.org
Beau Walsh,Vietnam,in.aliquet.lobortis@aol.ca
Virginia Richard,Austria,urna.vivamus@icloud.ca
Audrey Bonner,Indonesia,aptent@hotmail.couk
Fleur Riley,China,suscipit.est.ac@aol.org
Sacha Knight,Poland,ornare@aol.ca
Halee Grimes,Poland,ornare.elit.elit@yahoo.com
Blossom Whitney,Poland,aliquet.phasellus.fermentum@google.org
Tobias Gregory,Sweden,aenean@google.com
Brock Gilliam,Spain,at@protonmail.ca
Claudia Alford,India,interdum.curabitur@protonmail.couk
Emerson Bond,Pakistan,urna@yahoo.org
Dane Clark,India,ligula@yahoo.couk
Stone Nicholson,United Kingdom,nisi.dictum.augue@protonmail.com
Sawyer Mosley,Peru,tellus.imperdiet@yahoo.couk
Ivory Gallagher,Norway,eu.euismod.ac@icloud.couk
Risa Joyce,Ukraine,augue@aol.ca
Nadine Ball,South Korea,sagittis.placerat@hotmail.com
Wanda Gordon,Indonesia,ullamcorper.magna@google.ca
Randall Reilly,India,massa.rutrum@yahoo.edu
Cain Mccarty,Norway,lorem.eget@google.com
Reed Good,China,quisque.imperdiet@hotmail.net
Cyrus Flynn,Mexico,cras@yahoo.com
Ursa Beck,Spain,elit.pede@icloud.org
Jeanette Perez,South Africa,massa.mauris@yahoo.net
Zia Morin,United States,vitae.sodales.at@google.edu
Caldwell Heath,Germany,curabitur.massa.vestibulum@protonmail.edu
Coby Quinn,Norway,fermentum.vel.mauris@protonmail.com
Lillian Ashley,Turkey,a@protonmail.edu
Alden Mcfadden,Germany,elementum@google.com
Fleur Alvarez,India,mollis.nec@outlook.net
Alma Le,Colombia,per.inceptos.hymenaeos@outlook.edu
Aiko Buchanan,Norway,turpis.non@aol.couk
Arthur Glass,Ukraine,venenatis@aol.net
Elijah Sargent,Nigeria,magnis.dis.parturient@yahoo.edu
Justine Reynolds,Russian Federation,cras.lorem.lorem@aol.edu
Beau Battle,Germany,tempus@protonmail.net
Carly Keller,Singapore,magna@outlook.edu
Carter Koch,France,a@icloud.com
Victor Franks,New Zealand,duis.dignissim@google.edu
Rashad Gould,Mexico,ipsum.leo@google.net
Wynter Mccormick,Pakistan,sem@yahoo.ca
Lenore Ochoa,Poland,orci.lobortis@outlook.edu
Burton Farrell,Turkey,egestas.a@hotmail.edu
Aiko Gray,France,praesent.luctus@aol.org
Cruz Hendricks,Turkey,mauris.sagittis@icloud.ca
Wilma Duffy,Vietnam,cursus.vestibulum.mauris@aol.net
Judah Cote,Chile,nonummy.ac@google.ca
Ferdinand Parrish,Colombia,magnis@icloud.org
Piper Munoz,Colombia,a@icloud.org
Troy Harvey,Singapore,vulputate@protonmail.org
Sawyer Sanchez,Chile,pretium.neque.morbi@aol.net
Uriah Fields,Canada,sed@aol.net
Zeph Glass,Peru,phasellus@protonmail.org
Venus Crosby,Poland,risus@yahoo.com
Barclay Guy,Peru,id@hotmail.couk
Ginger James,Belgium,nascetur.ridiculus@protonmail.org
Jacqueline Blackburn,Ukraine,fusce.fermentum@icloud.ca
Otto Burnett,Singapore,aliquam.tincidunt@aol.com
Galena Mosley,Ireland,pede.nunc@outlook.com
India Stanley,Nigeria,et@yahoo.net
Sierra Bates,Italy,sodales.nisi@yahoo.ca
Jelani Mccormick,South Africa,lorem.eget@icloud.edu
Jeanette Huffman,Turkey,neque@yahoo.couk
Beck Torres,Singapore,nunc.lectus@aol.net
Adele Porter,Italy,dolor.vitae@icloud.net
Simon Bird,Norway,nulla.tempor@hotmail.couk
Phoebe Turner,Canada,eu.neque@icloud.net
Imogene Berger,Peru,lobortis.quam@yahoo.org
Sydney Cruz,Nigeria,nec.mauris@google.couk
Abraham Acosta,Australia,lobortis.augue@protonmail.ca
Nicole Barr,United States,consectetuer.adipiscing.elit@google.org
Bo Horton,Nigeria,cursus.et.eros@protonmail.edu
Illana Carpenter,Pakistan,fermentum.fermentum@hotmail.com
Chancellor Olson,Ireland,lectus@icloud.edu
Channing Zimmerman,New Zealand,non@hotmail.org
Kennan Chaney,Russian Federation,luctus.ut@yahoo.couk
Malachi Mathis,France,sit.amet@aol.edu
Lucy Stanley,Sweden,non.quam@protonmail.net
Lila Benton,Pakistan,sed.congue@google.edu
Aiko Garza,Turkey,nec@icloud.com
Melinda Petersen,Nigeria,aliquam.nisl@outlook.edu
Patience Lamb,South Korea,in.felis.nulla@yahoo.edu
Fatima Dean,Indonesia,et.libero.proin@google.net
Kim Rasmussen,Canada,ultricies.ornare.elit@icloud.net
Naida Wilson,Sweden,ornare@outlook.com
Morgan Ferrell,China,tristique@yahoo.ca
Bethany Anthony,Ireland,nunc.sed@icloud.ca
Finn Mcfadden,Indonesia,duis.ac@aol.net
Sonia Lyons,Costa Rica,ornare@aol.edu
Hedley Humphrey,Belgium,quis.arcu@yahoo.net
Kenyon Hunter,Belgium,dictum.augue.malesuada@aol.net
Deacon Peck,Russian Federation,mauris@google.org
Ariana Duffy,Netherlands,mi.aliquam@protonmail.net
Leslie Reynolds,South Korea,semper.rutrum@google.net
Solomon Chang,Russian Federation,quisque.varius@hotmail.couk
Desiree Sanford,France,nullam@hotmail.org
Lacey Mathis,Germany,aliquam.fringilla@hotmail.couk
Isabella Oliver,Canada,sociis.natoque.penatibus@icloud.ca
Hope Mccall,United Kingdom,gravida@aol.couk
Nathan Kirkland,China,sed.nec@aol.net
Veda Snow,Singapore,fringilla.purus@aol.org
Felicia Bradford,Spain,sit.amet@hotmail.com
Justine Hubbard,Sweden,ullamcorper.viverra.maecenas@hotmail.edu
Britanney Sosa,Poland,dolor@google.com
Martin Head,India,duis.cursus.diam@outlook.ca
Skyler Murphy,Philippines,dui@aol.com
Tatyana Bates,Turkey,massa.suspendisse.eleifend@google.org
Forrest Ayers,Poland,et@yahoo.net
Maxwell Hardin,Chile,curabitur.ut.odio@google.couk
Liberty Holder,United States,lectus.pede@icloud.net
Vielka Burnett,China,ipsum@outlook.com
Mollie Vaughan,United Kingdom,ipsum.dolor@protonmail.org
Lavinia Jones,United Kingdom,nunc.mauris@hotmail.net
Gwendolyn English,Vietnam,amet@hotmail.ca
Bernard Mason,Vietnam,ut.lacus@yahoo.org
Madaline Stein,South Korea,quis.pede@protonmail.couk
Deborah Rose,Netherlands,velit.cras@hotmail.org
Tanisha Baird,Indonesia,phasellus.in@hotmail.edu
Maxine Dominguez,Sweden,vivamus.euismod@google.edu
Charles Olson,France,ante@aol.ca
Oren Mejia,Turkey,magna.duis.dignissim@aol.ca
Daryl Maldonado,Italy,cursus@protonmail.org
Clark Craig,Vietnam,varius.nam@outlook.com
Fritz Caldwell,Netherlands,et.netus.et@yahoo.com
Octavius Harper,Indonesia,vitae.sodales@google.net
Karyn Gallegos,United Kingdom,ipsum.dolor@yahoo.ca
Byron Rios,Singapore,pretium.et@yahoo.net
Clinton Hobbs,Norway,et.arcu@protonmail.net
Candace Roberson,Italy,ultrices.iaculis.odio@hotmail.edu
Jane Lopez,United States,neque.in@google.com
Rashad Robertson,Colombia,integer.mollis@google.com
Linda Edwards,Singapore,natoque@protonmail.ca
Quentin Poole,Netherlands,libero.lacus.varius@icloud.net
Adam Cannon,New Zealand,et.magnis.dis@protonmail.com
Adara Oneil,Norway,ridiculus.mus.aenean@aol.couk
Raymond Terrell,South Korea,vulputate.posuere@icloud.ca
Tatum Gillespie,Poland,curabitur.massa@google.couk
Clare Kirkland,Colombia,erat.eget.tincidunt@yahoo.com
Nell Dennis,Singapore,nibh@protonmail.couk
Macey Henderson,Pakistan,metus@protonmail.ca
Ryder Cabrera,Colombia,arcu@yahoo.com
Destiny Mcintyre,Germany,sed.eget@aol.couk
Salvador Beard,United States,phasellus.dolor.elit@yahoo.couk
Chloe Gould,Colombia,eleifend.vitae@icloud.org
Gareth Landry,Brazil,vulputate.nisi.sem@icloud.net
Holmes Sears,Chile,nunc.mauris.morbi@icloud.ca
Samson Reyes,Sweden,amet@outlook.edu
Paul Bradford,Pakistan,sit.amet@icloud.net
Callum Mccray,Vietnam,phasellus.dapibus@protonmail.net
Jakeem Battle,Nigeria,ultrices@icloud.ca
Aspen Mcbride,South Korea,senectus@icloud.com
Amos Peck,Mexico,lacus.aliquam@protonmail.org
Slade Cruz,Vietnam,pede.suspendisse@google.couk
Gray Waters,India,duis.ac.arcu@protonmail.couk
Allistair Zamora,Canada,elit@yahoo.net
Alyssa Sharpe,Costa Rica,dictum.eleifend.nunc@aol.com
Latifah Adkins,New Zealand,lectus.sit@google.org
Cathleen Daniels,Canada,tellus.id.nunc@yahoo.couk
Fay Gardner,Poland,aliquam.fringilla.cursus@google.edu
Hammett Reilly,Australia,sed@hotmail.edu
Kieran Holden,Austria,vel@icloud.org
Mara Fischer,Australia,maecenas.libero@icloud.org
Cassady Glenn,Italy,aenean.euismod@yahoo.net
Elizabeth Colon,Brazil,iaculis@protonmail.couk
Neil Lancaster,Brazil,sem.egestas@protonmail.ca
Eliana Acevedo,Netherlands,massa.lobortis.ultrices@outlook.edu
Grace Stafford,Nigeria,erat.semper.rutrum@aol.couk
Marshall Wilder,Brazil,feugiat.lorem@hotmail.edu
Lawrence Conway,Philippines,suscipit.est.ac@yahoo.org
Kadeem Pruitt,Netherlands,tristique.pellentesque@google.edu
Finn Fields,Australia,risus.donec.nibh@protonmail.couk
Fiona Hart,Germany,urna.nunc@hotmail.couk
Portia Owens,Chile,nunc.sollicitudin.commodo@hotmail.couk
Ciara Smith,Austria,non@google.edu
Jacqueline Warner,Belgium,in@aol.org
Dustin Bryan,Australia,cras.eget.nisi@yahoo.org
Travis Jenkins,Italy,lacinia@outlook.ca
Sybil James,Poland,tempor.est.ac@icloud.ca
Carolyn Barry,France,gravida@protonmail.edu
Gareth Roberson,Italy,tellus.nunc.lectus@yahoo.ca
Dai Dean,Colombia,pretium@icloud.edu
Christine Tyler,United States,tincidunt.orci@aol.net
Francesca Drake,United Kingdom,semper.egestas@hotmail.edu
Jerome Knapp,Philippines,massa@outlook.couk
Tyler Durham,Vietnam,neque.tellus.imperdiet@google.com
Malik Juarez,Costa Rica,orci.sem.eget@outlook.com
Porter Mcintosh,Vietnam,lorem.lorem@aol.net
Eugenia Black,Austria,metus.eu@google.net
Rafael Hewitt,Spain,sed.eu.eros@hotmail.com
Germaine Dudley,South Korea,id.enim@outlook.org
Natalie Bates,Vietnam,integer.urna.vivamus@aol.net
Shafira Ball,Singapore,id.nunc.interdum@google.org
Kasimir Hansen,South Korea,penatibus.et.magnis@hotmail.ca
Irma Mullins,Sweden,tristique.neque@aol.ca
Kadeem Bray,Vietnam,massa.mauris@protonmail.ca
Victoria Goodman,Norway,in@hotmail.ca
Stone Holland,Peru,aliquet.metus@protonmail.edu
Samantha O'donnell,Vietnam,aliquet.nec@google.edu
Raya Montgomery,Mexico,pede.nec@icloud.net
Tamara Ortiz,South Korea,elit.aliquam.auctor@aol.org
Ronan Flynn,Indonesia,elementum.purus@google.net
MacKenzie Perry,Netherlands,sit.amet@aol.net
Ashton Middleton,New Zealand,curae.phasellus@protonmail.ca
Walker Whitfield,New Zealand,eleifend@outlook.org
Philip Simmons,India,in@icloud.couk
Lucian Dickerson,South Africa,egestas.fusce.aliquet@icloud.couk
Kristen Workman,Poland,sed.congue.elit@protonmail.org
Sybill Solis,Canada,cum.sociis@aol.com
Zoe Blankenship,Belgium,aliquam.arcu@google.edu
Tatiana Guerrero,United Kingdom,cursus@outlook.net
Noel Beck,United States,nec.quam@aol.couk
Gretchen Elliott,Brazil,est@icloud.couk
Leah Mathis,Ukraine,non.lobortis.quis@protonmail.edu
Serina Faulkner,Belgium,proin.velit@google.net
Zena Schroeder,Nigeria,euismod.et.commodo@yahoo.net
Samson O'brien,Sweden,nec.luctus@yahoo.net
Penelope Wells,Ukraine,amet.nulla@hotmail.ca
Noble Watkins,United Kingdom,sagittis.lobortis@icloud.couk
Chester Burton,Singapore,nisi.dictum.augue@outlook.edu
Baker Torres,Netherlands,fringilla@google.net
Malcolm Riddle,South Africa,maecenas.mi@google.couk
Asher Parks,Sweden,conubia@google.net
Evangeline Whitaker,Colombia,a.sollicitudin@protonmail.ca
Honorato Mccoy,Vietnam,rhoncus.donec.est@google.edu
Xander Cannon,Austria,et.lacinia@icloud.net
Yoshio Marshall,Sweden,lorem.ipsum.sodales@yahoo.edu
Fletcher Dominguez,Pakistan,non.feugiat@hotmail.com
Melinda Michael,Nigeria,dis.parturient.montes@protonmail.net
Hammett James,Indonesia,risus.donec@google.couk
Sarah Moses,South Africa,sed@yahoo.edu
Mona Morse,Poland,pellentesque@icloud.net
Chase Cruz,Pakistan,aenean@aol.couk
Peter Henry,Australia,et@icloud.edu
Macey Drake,Brazil,non.quam.pellentesque@outlook.org
Oprah Reilly,Pakistan,primis.in.faucibus@google.couk
Kelsey Graves,Nigeria,sapien.cras.dolor@aol.net
Carolyn Fulton,United States,tempus.scelerisque@icloud.couk
Kiayada Cotton,Philippines,est.congue@protonmail.com
Sydney Aguirre,Ireland,et.ultrices@icloud.ca
Mohammad Noel,Chile,semper.tellus@protonmail.ca
Oliver Burch,Austria,nunc.id@protonmail.com
Olga Freeman,Pakistan,enim.sed@yahoo.com
Dustin Burke,Italy,turpis@yahoo.org
Jane Sutton,Austria,velit.justo.nec@icloud.ca
Hadley Huff,Norway,ligula@outlook.org
Kenneth Horton,Chile,dictum.cursus@hotmail.ca
Idola Bullock,Netherlands,aenean@protonmail.edu
Jamalia Kirkland,Colombia,mus.aenean.eget@yahoo.couk
Amir Jacobson,Singapore,erat@google.org
Kessie Romero,Germany,aliquam.ornare@aol.ca
Jael Church,Belgium,massa.vestibulum@aol.net
Arthur Quinn,Indonesia,ligula.nullam@icloud.net
Guy Lane,Sweden,mauris@google.net
Cruz Bell,Colombia,arcu@aol.edu
Ryan Daugherty,Canada,eu@google.couk
Jolie Berger,Norway,mollis.dui@icloud.org
Burke Roth,Mexico,in.hendrerit.consectetuer@yahoo.net
Brody Barber,Norway,nibh.phasellus@aol.org
Dominic Bentley,Austria,leo.morbi@outlook.net
Gary Mcconnell,Peru,faucibus.orci@icloud.edu
Calvin Kramer,Vietnam,nec.leo@hotmail.couk
Madeson Conway,United Kingdom,penatibus.et@icloud.com
Kermit Norman,Canada,nec@yahoo.org
Miriam Duran,Pakistan,urna.nullam.lobortis@outlook.org
Whoopi Molina,Russian Federation,est.mauris@aol.edu
Dora Wilcox,United Kingdom,montes.nascetur.ridiculus@icloud.couk
Colby Hancock,Belgium,nec.ante.maecenas@aol.com
Arsenio Perkins,United Kingdom,ipsum.dolor.sit@outlook.ca
Duncan Warren,New Zealand,suspendisse.sed@protonmail.edu
Tara Mcgowan,Vietnam,vitae@protonmail.com
Hamilton Murray,United Kingdom,amet.metus@google.org
Gil Dickson,United States,cursus.luctus.ipsum@google.org
Nelle Bowman,Canada,dictum.eu@yahoo.couk
Xantha Dotson,Nigeria,maecenas@protonmail.ca
Palmer Wyatt,France,eu@google.edu
Omar Moran,Poland,libero.at@aol.couk
Jennifer Huffman,Ukraine,tellus.aenean@aol.edu
Drake Burgess,France,proin@icloud.com
Octavius Page,Canada,aliquam.gravida@google.couk
Cruz Strickland,France,dolor.dapibus.gravida@hotmail.net
Maggy Barnes,United States,cursus@yahoo.couk
Warren Bailey,Colombia,ac.urna@google.com
Nathan Lang,China,nec.malesuada@protonmail.edu
Idola Beard,China,consequat.purus@hotmail.net
Austin Donovan,Pakistan,elit@hotmail.ca
Cathleen Kirkland,Netherlands,ac.sem.ut@outlook.com
Cassady Fitzgerald,Netherlands,luctus.aliquet@yahoo.com
Martina Huff,Nigeria,sapien.molestie@google.net
Giacomo Downs,Ukraine,magna.a@hotmail.couk
Lucas Landry,Canada,proin.non@hotmail.edu
Vaughan Mooney,United Kingdom,erat.volutpat@yahoo.org
Chadwick Burt,Austria,nam@protonmail.org
Levi Kirkland,Ukraine,ut@icloud.net
Eaton Hall,Vietnam,elit.pretium.et@hotmail.edu
Ina Malone,India,tempor.arcu@outlook.net
Eliana Franco,Australia,vulputate.dui@hotmail.net
Dylan Harvey,Mexico,nullam.feugiat@protonmail.net
Emery Pacheco,Norway,sollicitudin.a.malesuada@protonmail.com
Thaddeus Summers,Ukraine,nulla.at.sem@yahoo.net
Kirestin Poole,Ireland,ante.nunc@outlook.org
Kasimir Fuentes,Germany,imperdiet@hotmail.edu
Illana Fields,France,sodales.nisi@icloud.net
Kiona Cardenas,Italy,ultricies.sem.magna@hotmail.org
Nola Goodman,Costa Rica,curabitur.ut@icloud.edu
Candice Charles,Turkey,id.blandit@outlook.couk
Kerry Moreno,Netherlands,elit@google.net
Mohammad Munoz,Singapore,dui.nec@google.ca
Daniel Pitts,Pakistan,elementum@google.org
Tyrone Huff,Peru,urna.nunc@yahoo.org
Vincent Acosta,United States,duis.a.mi@protonmail.ca
Illana Ayala,Norway,blandit@aol.org
Dieter Stevenson,Philippines,eu.ultrices@protonmail.edu
Stone Kaufman,Nigeria,sit@protonmail.org
Felix Slater,Ukraine,convallis.in@hotmail.ca
Tobias Moody,Mexico,magnis.dis@yahoo.com
Brynne Dejesus,Canada,maecenas.mi.felis@outlook.ca
Armando Forbes,Norway,eget.volutpat.ornare@icloud.couk
Tiger Crane,Pakistan,tincidunt@outlook.net
Camden Boyer,Nigeria,ipsum.porta@google.edu
Evan Cohen,Russian Federation,est.nunc@hotmail.ca
Kiayada Meyer,Pakistan,vulputate@icloud.org
Yoko Walton,Peru,nunc.lectus.pede@protonmail.com
Victor Brown,Canada,magnis.dis@hotmail.ca
Galvin Hoffman,Costa Rica,interdum.ligula@protonmail.ca
Felix Larson,Germany,blandit.viverra@google.ca
Leila Burch,Philippines,donec@hotmail.edu
Melodie Farrell,Costa Rica,venenatis.a.magna@aol.ca
Leandra Good,Norway,cum.sociis.natoque@yahoo.com
Valentine Browning,Singapore,adipiscing.elit@icloud.couk
Christian Acosta,Poland,nibh.dolor@aol.com
Clementine Mcguire,Singapore,ut.nulla@outlook.couk
Astra Abbott,Italy,neque@icloud.net
Yoshio Ford,Canada,feugiat.placerat@outlook.net
Tatum Andrews,Mexico,fermentum@protonmail.org
August Blackburn,Canada,mauris@protonmail.net
Boris Houston,Norway,lorem@google.ca
Elaine James,United Kingdom,ligula.elit.pretium@outlook.com
Ila Goff,Canada,et.ultrices@google.com
Ina Murray,Turkey,torquent.per.conubia@outlook.net
Rhona Vasquez,Belgium,placerat.cras.dictum@aol.net
Sigourney Rowe,Belgium,dolor.vitae@google.net
Marsden Holt,Nigeria,et.risus@yahoo.couk
Quynn Spears,Poland,luctus@hotmail.com
Kylan Molina,Germany,vitae.erat@google.net
Nichole Bernard,Brazil,scelerisque.scelerisque@outlook.net
Gail Tran,China,vulputate.posuere.vulputate@icloud.net
Steel Lancaster,Sweden,proin.ultrices@icloud.ca
Micah Calhoun,Ukraine,per.conubia.nostra@hotmail.edu
Savannah Schultz,United Kingdom,aenean.sed@hotmail.edu
Eric Ramos,New Zealand,phasellus.elit.pede@google.org
Larissa Briggs,Austria,nascetur.ridiculus.mus@hotmail.edu
Leo Camacho,South Africa,eu.euismod.ac@google.ca
Ryan Bird,Colombia,aliquam.nisl@aol.com
Serena Holland,New Zealand,aliquam@yahoo.couk
Aquila Callahan,United Kingdom,sagittis.felis.donec@protonmail.couk
Ivana Mcintosh,Sweden,non@outlook.ca
Dillon Hampton,Colombia,vel@google.org
Lester Fields,Australia,suspendisse.dui@yahoo.couk
Matthew Jordan,Canada,congue.turpis@icloud.ca
Emmanuel Hudson,South Korea,ut@protonmail.couk
Fay Combs,France,eu.eleifend@outlook.org
Herman Kramer,Costa Rica,tincidunt@aol.edu
Jordan Franks,Philippines,porttitor.interdum@aol.com
Kasper Steele,Germany,hendrerit.donec@icloud.net
Elijah Velazquez,Australia,ipsum.curabitur@google.ca
Frances Terry,Poland,nec.mollis@google.edu
Hayley Vang,Italy,sapien.molestie.orci@protonmail.org
Breanna Dyer,Indonesia,arcu.eu@yahoo.edu
Hashim Bonner,Norway,vitae@google.org
Vivian Blankenship,France,eget@protonmail.couk
Blaze Tate,South Africa,nec@protonmail.net
Palmer Meyer,Ireland,dui@outlook.ca
Amaya Woodard,Australia,adipiscing.enim@outlook.edu
Steven Thornton,Germany,amet@google.edu
Rahim Lloyd,Spain,scelerisque.lorem.ipsum@icloud.edu
Oleg Church,France,donec.dignissim@icloud.net
Nolan Diaz,Peru,velit@protonmail.edu
Rebekah Sawyer,Spain,semper.erat@hotmail.com
Savannah Sparks,Peru,ornare@hotmail.ca
Porter Keith,Chile,porta.elit@google.couk
Ronan Galloway,Pakistan,sed.pharetra@google.com
Francis Jenkins,Singapore,pharetra.ut@protonmail.couk
Phillip Mcmillan,India,lacus.mauris@hotmail.org
Madeson Kerr,Ukraine,eget.metus.in@outlook.ca
Cairo Webster,Netherlands,elit@hotmail.couk
Aquila Mcclain,Italy,id.libero.donec@protonmail.net
Hilda Reid,Canada,odio@aol.couk
Dale Barber,Colombia,dolor.tempus@hotmail.net
Lisandra Francis,Ukraine,donec@outlook.ca
Troy Robles,Philippines,donec.tincidunt.donec@hotmail.edu
Desiree Hampton,Costa Rica,euismod.et@google.org
Dara Hoffman,Mexico,lorem.semper@protonmail.ca
Mallory Gay,Poland,nulla.tempor.augue@yahoo.org
Meredith Harrell,Belgium,mauris.non.dui@protonmail.org
Sasha Estes,Singapore,mauris.aliquam@icloud.net
Natalie Garcia,South Korea,pede.ultrices.a@google.edu
Hollee Santana,United States,ut.nulla@outlook.ca
Bertha Stark,Ukraine,cursus.et@aol.com
Matthew Golden,Russian Federation,enim.etiam.gravida@hotmail.org
Inga Hogan,Chile,erat.in.consectetuer@yahoo.edu
Sawyer Bates,Philippines,quisque.tincidunt.pede@yahoo.net
Walker Parsons,United Kingdom,felis.nulla.tempor@icloud.org
Dale Gregory,Colombia,quis.lectus@google.ca
Ori Stewart,Italy,lorem.vitae@protonmail.couk
Karina Munoz,United States,luctus@yahoo.org
Virginia Jennings,India,rutrum.justo@outlook.ca
Eleanor Sampson,Ukraine,sociis.natoque.penatibus@aol.ca
Galena Berger,Brazil,ante.vivamus@google.com
Duncan Leonard,Spain,libero.donec@outlook.org
Nolan Casey,Sweden,praesent.eu.dui@icloud.com
Tamekah Buckner,Austria,at@yahoo.couk
Brennan Fowler,Brazil,etiam.imperdiet@icloud.edu
Alexander Sharp,Brazil,mus@icloud.couk
Jason Livingston,Indonesia,ipsum@google.org
Mark Cummings,New Zealand,turpis.egestas@yahoo.edu
Ezekiel Gamble,Australia,dui.suspendisse@protonmail.ca
Dana Calderon,United States,augue@hotmail.net
Gay Velasquez,Brazil,turpis.aliquam@protonmail.net
Kenyon Hale,France,mi@yahoo.edu
Cadman Patrick,United Kingdom,pede@google.org
Urielle Guerra,Norway,lectus.sit.amet@outlook.couk
Sawyer Johnson,Costa Rica,aliquam.eros@hotmail.edu
Roth Forbes,Philippines,amet.consectetuer@protonmail.edu
Quynn Sparks,France,tempor@icloud.org
Daphne Griffith,Peru,feugiat.metus@protonmail.edu
Alan Schmidt,South Korea,quis.urna@google.org
Oren Carlson,Italy,pulvinar.arcu@hotmail.org
Samuel Rasmussen,Ireland,sed.dolor@hotmail.com
Linus Cunningham,Costa Rica,eget.ipsum.suspendisse@icloud.com
Cyrus Newton,Indonesia,dui.nec.urna@outlook.couk
Sandra Williamson,Mexico,cubilia.curae.phasellus@yahoo.couk
Keaton Barrera,Netherlands,consequat.dolor.vitae@google.couk
Gavin Dominguez,Italy,diam.eu@protonmail.ca
Melissa Sharp,Mexico,a@google.ca
Cody Richards,Ireland,ut.molestie.in@icloud.edu
Tyler Stokes,Sweden,dolor.quam@aol.net
Quentin Sellers,Spain,arcu.morbi@outlook.couk
Lunea Mccarthy,Norway,hymenaeos@outlook.edu
Eliana Mcdaniel,Spain,sodales.elit.erat@google.net
Valentine Chase,India,penatibus.et.magnis@outlook.org
Calvin Kerr,Philippines,sed@google.ca
Dominic Tyler,Singapore,leo.cras@outlook.com
Denton Cardenas,South Korea,vitae.dolor.donec@hotmail.couk
Rooney Barber,Costa Rica,in.magna@hotmail.net
Ezra Green,India,elit@icloud.edu
Venus Jimenez,Spain,eu.turpis.nulla@google.edu
Carter Fernandez,Turkey,mollis@icloud.edu
Bert Ramos,Sweden,enim@hotmail.couk
Brynn Moran,India,mauris.blandit@google.org
Fay Cox,Sweden,eu.euismod@yahoo.net
MacKenzie Alvarez,Singapore,mauris.vestibulum@aol.net
Wallace Merrill,China,dolor.elit.pellentesque@icloud.org
Jescie White,Singapore,tristique@yahoo.net
Asher Clemons,Nigeria,nec.mollis.vitae@outlook.org
Paul Charles,France,in.consectetuer@google.edu
Yetta Arnold,Philippines,nunc.quis@icloud.couk
Cooper Gomez,Nigeria,fusce@yahoo.net
Yetta Wiggins,Italy,placerat.eget.venenatis@outlook.com
Alexa Orr,Chile,vitae@protonmail.edu
Summer Fernandez,Colombia,nam.ligula.elit@aol.ca
Cameron Howell,United Kingdom,nisl.elementum@protonmail.com
Fredericka Dyer,Costa Rica,nunc@protonmail.ca
Irene Wade,Canada,eu@icloud.net
Gillian Perry,United Kingdom,id.enim.curabitur@protonmail.org
Jackson Britt,Singapore,adipiscing.fringilla@protonmail.edu
Philip Schwartz,New Zealand,vel.nisl@yahoo.org
Ezekiel Guzman,Ukraine,sed.pede@aol.net
Kane Mcdowell,United States,semper.et.lacinia@outlook.com
Cynthia Vaughn,Vietnam,dolor.quam@yahoo.com
Jamalia Howe,Singapore,libero.nec@protonmail.com
Murphy Wheeler,Vietnam,ac@yahoo.ca
Len Mccullough,United States,sed.dictum.eleifend@aol.org
Ryan Holden,United States,hendrerit.donec.porttitor@icloud.net
Keegan Little,Brazil,mollis@hotmail.edu
Piper Hancock,Ireland,metus.eu.erat@protonmail.couk
Neil Wood,Costa Rica,molestie.dapibus@aol.ca
Jaime Fisher,Australia,ridiculus.mus@aol.edu
Porter Bates,New Zealand,velit@protonmail.couk
Fulton Franco,Vietnam,molestie.tellus@yahoo.ca
Ayanna Zamora,Nigeria,semper.et.lacinia@outlook.net
Cara George,Costa Rica,lorem.ipsum@yahoo.com
Pascale Leach,Belgium,in.faucibus@protonmail.couk
Murphy Gray,Italy,nunc.in@yahoo.net
Ralph Bass,United Kingdom,nec.ligula.consectetuer@aol.edu
Joy Conley,Italy,cras@icloud.edu
Ira Gillespie,Germany,erat.vel.pede@outlook.net
Thomas Nixon,Sweden,vel@aol.net
Scott Lancaster,Singapore,donec.non@icloud.org
Octavius Velez,Norway,ultricies@hotmail.com
Jael Langley,United States,nulla.tincidunt.neque@aol.edu
Lewis Carr,France,metus.vitae@aol.net
Jonah Mullen,Netherlands,magna@google.net
Bevis Cunningham,South Africa,non.cursus@google.org
Tamekah Mercer,China,metus.in.nec@protonmail.edu
Denton Rivas,Singapore,gravida@icloud.net
Chloe Hurley,Peru,enim.curabitur@yahoo.ca
Caesar Cunningham,Australia,a.aliquet@google.com
Madeson Cote,New Zealand,placerat.orci.lacus@outlook.org
Diana Barron,Ireland,scelerisque.dui@icloud.edu
Fritz Leonard,Ukraine,luctus.ut@icloud.com
Charity Spence,Ireland,euismod.enim.etiam@protonmail.couk
Halee Morse,Russian Federation,libero.est@hotmail.org
Ella Palmer,Austria,imperdiet.dictum@yahoo.couk
Gemma Goodwin,Chile,cum.sociis.natoque@icloud.com
Ginger Combs,Chile,ac.mattis@protonmail.com
Scarlet Hull,Nigeria,nisi.dictum.augue@yahoo.couk
Valentine Schultz,Mexico,et.rutrum@outlook.edu
May Ferguson,South Africa,nec.imperdiet@icloud.org
Brenna Burke,Netherlands,pharetra.sed@protonmail.net
Kylie Gallagher,Turkey,mollis.vitae@icloud.org
Bradley Parsons,Colombia,mauris.sapien@yahoo.org
Oleg Charles,Canada,id@yahoo.ca
Ronan Mckay,Sweden,interdum.enim.non@outlook.net
Amery Ratliff,Australia,feugiat.non.lobortis@hotmail.couk
Joy Shaw,Chile,ut.molestie@google.edu
Kennedy Ware,Netherlands,at@google.org
Imogene Randall,South Korea,eget.lacus.mauris@aol.net
Buffy Mann,Norway,erat.neque@yahoo.edu
Timothy Rosario,Brazil,eu.arcu@outlook.org
Brynn Delacruz,United Kingdom,scelerisque.neque@aol.com
Benedict Berry,Nigeria,nibh.quisque@icloud.net
Joy Arnold,India,magnis.dis@google.net
Hakeem Wells,Russian Federation,odio.auctor.vitae@protonmail.couk
Elaine English,Austria,mauris.sit.amet@google.edu
Donna Mcclain,Spain,massa@google.couk
Kiayada Frazier,Italy,sed.hendrerit@icloud.couk
Yardley Talley,Belgium,risus.quis@hotmail.ca
Derek Pollard,India,diam.luctus@protonmail.net
Ocean Lester,Norway,donec.nibh@protonmail.edu
Arden Sutton,Philippines,cras.eget.nisi@aol.couk
Lila Mercer,Costa Rica,sem.molestie@yahoo.couk
Calvin Goodman,Spain,sed.molestie@icloud.ca
Orson Roy,Belgium,ac.libero.nec@protonmail.com
Seth Kennedy,Norway,maecenas.libero@icloud.couk
Prescott Dudley,Austria,hendrerit.consectetuer@google.com
Kimberly Barr,Indonesia,fringilla@yahoo.ca
Garrett Frazier,Ukraine,urna.convallis.erat@hotmail.ca
Lana Sloan,New Zealand,lorem@outlook.org
Scott Blake,Netherlands,congue.turpis@yahoo.ca
Sophia Chen,Belgium,velit@outlook.couk
Zenia Reyes,Austria,sem@hotmail.net
Yoko Bowers,Nigeria,nibh.aliquam@outlook.edu
Cleo Welch,Singapore,urna.nec@protonmail.couk
Uma Mueller,New Zealand,proin@aol.net
Michael Boone,United States,venenatis.lacus@outlook.edu
Irma Pitts,South Africa,leo.in@aol.net
Meghan Fleming,Vietnam,interdum.libero@hotmail.com
Timon Owens,United States,eget.varius@hotmail.edu
Lisandra Burke,Belgium,aliquet.diam@hotmail.org
Thomas Cochran,Philippines,eu@protonmail.couk
Chelsea Ferrell,Singapore,mauris.id@icloud.ca
Laura Lowe,Mexico,molestie.dapibus@yahoo.ca
Finn Summers,Nigeria,fusce@outlook.org
Sade Patel,Australia,nisi.nibh@hotmail.edu
Katell Britt,South Korea,lectus.a.sollicitudin@yahoo.org
Xena Foster,Spain,libero.est.congue@hotmail.edu
Serena Hebert,Sweden,proin.mi.aliquam@protonmail.net
Phillip Rush,Costa Rica,et.commodo@aol.ca
Driscoll Mccoy,Australia,et.arcu@icloud.com
Theodore Cameron,France,fringilla.mi@hotmail.couk
Quemby Molina,Germany,ornare.egestas@yahoo.ca
Kaye Bullock,United Kingdom,pede.sagittis@google.edu
Tatiana Bennett,Pakistan,congue.in@protonmail.net
Amery Bryant,Brazil,mus.donec@google.com
Cole Patton,Netherlands,erat.etiam@yahoo.org
Russell Burnett,Indonesia,sodales.nisi@google.edu
Merritt Hatfield,United States,mauris.eu@google.org
Noelle Morton,Indonesia,ut.nulla.cras@protonmail.net
Tarik Burton,Colombia,phasellus@icloud.net
Jasper Owens,South Africa,ante.bibendum@google.com
Bruce Dillon,Colombia,id.nunc@hotmail.net
Kibo Wiggins,Turkey,orci.adipiscing@google.com
Brianna Little,United States,et.pede.nunc@outlook.org
Moana Berg,Netherlands,mauris.sit.amet@yahoo.com
Aaron Griffith,Vietnam,lectus@aol.couk
Veda Mcclure,Costa Rica,nascetur.ridiculus@yahoo.edu
Brooke Lara,Nigeria,quam.a@google.couk
Caldwell Durham,Pakistan,dolor.egestas@protonmail.com
Merritt Bowers,India,volutpat.ornare@yahoo.net
Mufutau Hogan,United States,iaculis@aol.net
Xanthus Neal,Singapore,urna.ut.tincidunt@icloud.org
Slade Cobb,Vietnam,semper.et@google.edu
Bert Lynn,Colombia,natoque@aol.com
Laith Gates,Costa Rica,mauris.eu@icloud.com
Addison Schroeder,Russian Federation,lorem.eget@yahoo.ca
TaShya Collier,Vietnam,donec.consectetuer@icloud.org
Jescie Mills,Pakistan,donec.porttitor@hotmail.ca
Emmanuel Norton,Russian Federation,mus.aenean.eget@google.edu
Chloe Baldwin,Nigeria,semper@aol.net
Abel Lang,Nigeria,ipsum.phasellus@hotmail.net
Fallon Webb,France,lectus@hotmail.couk
Ivor Mcguire,Sweden,euismod.et@outlook.ca
Jada Stanley,Italy,ipsum@yahoo.org
Brynn Atkins,India,tincidunt.congue.turpis@hotmail.com
Ann Richmond,India,nec.urna@icloud.net
Dana Olsen,Brazil,aliquam.iaculis@google.edu
Kibo Le,Australia,enim.suspendisse@protonmail.com
Shelly Livingston,New Zealand,odio@aol.edu
Leigh May,Italy,dui.quis@outlook.net
Craig Bradshaw,Austria,et.eros@protonmail.org
Keith Barlow,South Korea,fames.ac.turpis@hotmail.com
Hilary Langley,Costa Rica,sed.tortor@aol.org
Urielle Mccarty,Sweden,nunc@yahoo.com
Abraham Cherry,Australia,cursus.non.egestas@yahoo.ca
Orli Ross,United States,ante.ipsum@yahoo.net
Jasper Carey,Belgium,elementum@protonmail.org
Linus Abbott,Singapore,pellentesque.habitant@hotmail.org
Rose Abbott,China,gravida.praesent@outlook.com
Mari Austin,Russian Federation,elementum.dui@aol.couk
Eugenia Knight,Nigeria,sem.egestas@yahoo.couk
Patricia Mckay,Russian Federation,magna@protonmail.edu
Cameran Hooper,Costa Rica,donec.nibh@icloud.org
Patrick Tate,Ireland,semper.dui@icloud.com
Jonas Albert,Norway,dui@icloud.org
Alvin Conner,Peru,varius.nam.porttitor@hotmail.couk
Trevor Byers,Russian Federation,nullam.enim@protonmail.edu
Ruth Velasquez,Spain,pretium.aliquet@aol.org
Sylvia Solis,Pakistan,mauris.non@google.ca
Cassandra Velazquez,Indonesia,elit.aliquam.auctor@icloud.com
Orla Wilkins,Singapore,nam@yahoo.ca
Cheryl Shepard,Germany,nec.mollis@yahoo.edu
Cynthia Haynes,Canada,nisi.mauris.nulla@aol.couk
Guy Gray,Spain,sodales.purus@aol.org
Sophia Santiago,Austria,aenean@google.org
Arsenio Fitzpatrick,South Korea,elit.curabitur@aol.org
Colby Orr,Norway,mattis.velit@google.net
Quinlan Sharpe,Ireland,varius.nam.porttitor@hotmail.org
Isabelle Garrison,Canada,volutpat@google.ca
Chandler Sutton,Ukraine,pharetra.felis.eget@protonmail.ca
Eugenia Dorsey,Norway,nibh@hotmail.net
Audra Morris,Singapore,tincidunt.adipiscing.mauris@outlook.net
Xantha Scott,Ireland,auctor.quis@aol.net
Destiny Graves,South Korea,aliquam@yahoo.org
Joelle Cain,Austria,facilisis.magna@yahoo.org
Merrill Lloyd,Norway,viverra.maecenas@icloud.com
Boris Rocha,Singapore,consequat.auctor@icloud.com
Vincent Garner,Turkey,vulputate@hotmail.couk
Nora Dalton,Australia,ligula.consectetuer.rhoncus@hotmail.net
Zane Phillips,United States,odio.aliquam.vulputate@yahoo.com
Lavinia Travis,Singapore,in.felis.nulla@hotmail.com
Thaddeus Frank,Colombia,interdum.ligula@aol.org
Isaac Farrell,Brazil,porttitor.vulputate@hotmail.com
Isabelle Hurley,Chile,commodo.ipsum@icloud.ca
Elmo Raymond,Ireland,enim.diam@hotmail.couk
Risa Ayala,Colombia,sed@hotmail.net
Denise Townsend,China,aliquam.adipiscing@outlook.org
Rhea Hoover,Turkey,dapibus.quam@yahoo.com
Rana Elliott,Brazil,donec.tempus@outlook.org
Vincent Dodson,Nigeria,aptent.taciti.sociosqu@google.couk
Cassandra Lawson,Peru,vel.nisl.quisque@protonmail.com
Rhona Cox,Costa Rica,mauris.molestie@yahoo.net
Brian Ruiz,South Africa,ut.pharetra@protonmail.com
Imani Tillman,Chile,sed.dictum@protonmail.couk
Dai Sears,Norway,dui.augue@icloud.edu
Sharon Morse,Italy,nec@google.org
Cain Cervantes,China,aenean.gravida@outlook.org
Hanna Workman,India,sagittis.semper@protonmail.net
Ivan Dorsey,South Korea,curabitur@icloud.couk
Kieran Waters,Canada,aliquet.nec@google.com
Xaviera Blevins,United Kingdom,elit.pretium.et@outlook.com
Janna Pearson,Vietnam,risus@aol.net
Chantale Palmer,United Kingdom,diam.sed@icloud.couk
Fuller Estrada,South Africa,vehicula@yahoo.couk
Octavia Valencia,Singapore,curabitur.egestas@protonmail.edu
Charlotte Molina,Peru,urna.nullam.lobortis@hotmail.net
Diana Padilla,Peru,nisl.elementum@yahoo.edu
Lionel Charles,Sweden,dolor@hotmail.couk
Shellie Barker,Vietnam,proin.eget@outlook.net
Felicia Camacho,Canada,in@outlook.net
Maxine Sweeney,Austria,turpis.nec@hotmail.com
Isaiah Cortez,Sweden,donec.sollicitudin@outlook.edu
Eagan Adkins,Belgium,magna@aol.net
Brynne Yates,Nigeria,vehicula.pellentesque@outlook.org
Aileen Bass,Russian Federation,consequat.purus@hotmail.net
Bradley Padilla,Netherlands,dui.cras@hotmail.org
Josephine Boyle,Poland,malesuada.malesuada@protonmail.com
Beck Riley,Norway,donec.est@icloud.edu
Fritz Franco,Australia,tincidunt@protonmail.couk
Zeus Shepherd,Indonesia,duis.mi@google.ca
Orli Osborn,Poland,aliquam.eu.accumsan@google.couk
Veda Zimmerman,Peru,accumsan.neque.et@icloud.net
Priscilla Rhodes,Mexico,feugiat.placerat.velit@icloud.couk
Colin Bauer,France,auctor.velit.eget@hotmail.edu
Oliver Robbins,Australia,dignissim.pharetra.nam@icloud.edu
Amos Mckee,Netherlands,et.magnis@google.ca
Zenaida Juarez,Pakistan,arcu@protonmail.ca
Christine Frank,Belgium,diam@google.ca
Martin Vaughn,Russian Federation,risus@outlook.net
Rina Madden,Ukraine,nam.interdum@outlook.ca
Ruth Holden,Mexico,nunc@yahoo.org
Branden Wright,United States,amet@yahoo.com
Jillian Whitehead,Spain,consequat.lectus.sit@yahoo.edu
Coby Mcfadden,Singapore,montes.nascetur.ridiculus@google.net
Carl Lewis,China,urna@yahoo.ca
Alana Clements,Germany,magna.cras@hotmail.couk
Craig Ewing,Mexico,diam@outlook.edu
Sopoline Velez,Germany,nulla@yahoo.org
Orla Byrd,South Korea,integer.mollis@aol.couk
Gay Potter,Germany,libero.proin@hotmail.net
Maggy Jacobs,Ukraine,ac.mattis@google.net
Alec George,Ireland,cras.interdum@protonmail.com
Christine Stafford,United Kingdom,interdum@protonmail.net
Warren Rhodes,Italy,egestas.sed@yahoo.org
Reuben Erickson,Peru,conubia.nostra@outlook.ca
Ahmed Benjamin,Chile,felis.purus@google.com
Kirk Nixon,Costa Rica,dictum@google.org
Ray Barton,Germany,vel.nisl@outlook.com
Jocelyn Sharp,Australia,sapien@hotmail.com
Amethyst Rowland,United Kingdom,ut.nulla.cras@yahoo.com
Paula Sampson,New Zealand,magnis@hotmail.edu
Britanni Greene,Netherlands,nunc@icloud.com
Gloria Dudley,New Zealand,aliquam.gravida.mauris@icloud.couk
Len Hampton,Ireland,ac.arcu@icloud.org
Jolene Sears,Turkey,dictum.ultricies@hotmail.com
Gary Lewis,Brazil,fusce.mi.lorem@aol.ca
Eleanor Munoz,Brazil,eu@yahoo.couk
Mechelle Frederick,India,et@hotmail.edu
Tasha Barber,Colombia,fermentum.arcu.vestibulum@icloud.edu
Dana Wilder,Poland,pede.nec.ante@protonmail.com
Honorato Young,Peru,enim.etiam.gravida@icloud.couk
Martena Wilcox,Singapore,suspendisse.non@yahoo.edu
Neve Mckay,United States,integer.mollis@outlook.org
Clare Steele,Austria,ligula.aenean@aol.edu
Courtney Booth,Turkey,varius.orci@outlook.couk
Aurelia Donovan,Chile,magna.ut.tincidunt@outlook.com
Isabella Stone,Belgium,etiam@yahoo.com
Alika Camacho,Australia,consectetuer.rhoncus@outlook.edu
Quintessa Harper,Vietnam,ut.erat@yahoo.net
Garth Norman,India,commodo.at.libero@aol.org
Ivan Swanson,Netherlands,tellus.aenean@aol.edu
Raja Valencia,Chile,a.felis@google.edu
Jana Buck,Indonesia,varius.ultrices@protonmail.com
Quyn Alford,France,ante.dictum@yahoo.edu
Olympia Foster,Turkey,amet.ultricies.sem@icloud.org
Nehru Medina,Philippines,quisque@protonmail.edu
Kaseem Faulkner,Pakistan,eget.dictum@hotmail.com
Josephine Lott,Pakistan,lacus.quisque.imperdiet@yahoo.ca
Brenda Kramer,Spain,vivamus.sit@outlook.com
Alana Aguilar,South Africa,aliquet.nec@hotmail.com
Hamish Roy,Poland,at.nisi.cum@yahoo.ca
Price Singleton,France,libero.donec@outlook.org
Yardley Mullen,Singapore,arcu.nunc.mauris@icloud.ca
Tamekah Mckee,Philippines,ornare.elit@protonmail.org
Harriet Mills,Turkey,ipsum.phasellus@hotmail.org
Harding Britt,South Korea,mauris.magna.duis@yahoo.edu
Dara Parks,India,sed.libero@google.edu
Amela Velez,Ukraine,ante.nunc@hotmail.net
Chantale Harding,China,sem@protonmail.com
Chava Mckee,United States,volutpat.nulla@google.couk
Timothy Owens,China,primis.in.faucibus@aol.couk
Marah English,United States,penatibus@protonmail.edu
Michelle Fitzgerald,Indonesia,quisque@outlook.edu
Hayes Moon,Indonesia,mauris.suspendisse@yahoo.org
Irene Dennis,China,sed.nunc@hotmail.org
Katell Hardin,Philippines,sagittis.felis@outlook.net
Colby Simpson,Singapore,augue.porttitor.interdum@icloud.org
Lillian Boyle,Ireland,mi.fringilla@outlook.net
Prescott Waters,Mexico,nibh.lacinia.orci@aol.org
Preston Sutton,Vietnam,justo.praesent.luctus@protonmail.couk
Plato Cannon,Germany,adipiscing.fringilla@google.net
Ivan Cobb,Ukraine,et.magnis.dis@yahoo.edu
Vincent Moody,Belgium,scelerisque.dui@aol.net
Amela Burks,Austria,iaculis@aol.couk
Orson Russell,Spain,dui.semper@protonmail.org
Bianca Bean,India,amet.dapibus@aol.ca
Fleur England,Poland,a.purus@icloud.edu
Abra Whitaker,Pakistan,proin@outlook.org
Grant Moses,Nigeria,amet.luctus.vulputate@icloud.net
Dacey Webb,New Zealand,laoreet.lectus@hotmail.ca
Lacota Moss,New Zealand,pede@hotmail.ca
Lucius Mclean,Indonesia,cursus.et@protonmail.com
Amery Garner,Russian Federation,sed.facilisis@hotmail.com
Claudia Wallace,Ukraine,sem.consequat@icloud.org
Phyllis Hooper,Netherlands,augue.ut.lacus@yahoo.ca
Derek James,Belgium,semper@hotmail.org
MacKensie Yates,India,dolor@google.couk
Melinda Dorsey,Vietnam,ante.ipsum.primis@protonmail.couk
Hedley Holden,India,suspendisse.ac@yahoo.net
Eagan Giles,United Kingdom,pellentesque.tincidunt.tempus@aol.ca
Cooper Chandler,Indonesia,fringilla.porttitor@outlook.com
Hayes Alford,South Africa,nisi.magna@aol.com
Kai Sullivan,Philippines,auctor.quis@aol.couk
Clark Bell,Sweden,dictum.sapien@hotmail.com
Melodie Berry,Indonesia,malesuada.fames@hotmail.net
Tara Hyde,South Africa,quis.turpis@google.net
Macy Bishop,Poland,massa@yahoo.net
Solomon Pruitt,United Kingdom,velit.eu.sem@hotmail.edu
Teagan Clay,Norway,sed@google.couk
Xanthus Molina,Poland,odio.auctor@protonmail.com
Zenaida Kaufman,Germany,mauris@yahoo.com
Brynne Potter,Vietnam,odio@yahoo.edu
Kibo Briggs,China,gravida.non@protonmail.ca
Naida Wyatt,Chile,tellus@icloud.com
Adele Bishop,India,congue@aol.com
Erica Burris,Chile,cras@hotmail.couk
Christian Ward,United Kingdom,nulla.vulputate@outlook.edu
Scarlet Adkins,Spain,ipsum@yahoo.edu
Brianna Mooney,Indonesia,sem@yahoo.net
Ezra Roman,Ireland,fusce@icloud.net
August Shaw,Mexico,cursus.diam.at@google.ca
Cora Orr,Russian Federation,in.aliquet.lobortis@google.couk
Ulla Rosario,Germany,odio.sagittis@hotmail.net
Jordan Warren,Australia,maecenas@aol.com
Jerome Vaughn,Ireland,ante@protonmail.com
Chaim Paul,Australia,quisque.imperdiet@yahoo.couk
Tanek Hale,Spain,at.auctor@google.ca
Hayley Dickerson,Ukraine,habitant.morbi@outlook.org
Hope Brennan,Costa Rica,suspendisse.eleifend@protonmail.com
Aileen Osborn,Singapore,sit@icloud.couk
Alisa Copeland,Poland,sed@protonmail.ca
Sarah Kaufman,Italy,nam.tempor@hotmail.com
Julie Cote,New Zealand,at.arcu@aol.couk
Chandler Lee,Pakistan,tristique.neque@yahoo.com
Sonya Tran,Turkey,maecenas.malesuada@icloud.net
Adam Sweet,Colombia,sem.ut@aol.net
Tatyana Leon,United Kingdom,eu.odio@yahoo.org
Odette Sosa,Singapore,mauris@yahoo.couk
Aspen Bryant,Colombia,mauris.eu.turpis@protonmail.net
Zia Vaughan,Vietnam,aliquam.tincidunt.nunc@outlook.net
Marah Sparks,Chile,sagittis@aol.com
Anastasia Watts,New Zealand,eu.odio@outlook.ca
Linda Cruz,Spain,ultricies.ligula@hotmail.ca
Leslie Sharpe,Peru,cursus.et.magna@hotmail.edu
Jordan Ingram,Mexico,nulla.magna@google.ca
Marah Serrano,Ireland,dolor@hotmail.org
Malik Mills,Sweden,aliquam.gravida@hotmail.com
Oleg Burt,Pakistan,orci.lobortis@outlook.org
Conan Keller,China,auctor.quis.tristique@yahoo.com
Lucy Curry,Australia,velit@yahoo.net
Berk Sanders,France,amet.massa@google.edu
Olympia Jacobson,Philippines,morbi.neque.tellus@google.com
Galvin Ryan,Brazil,nisi.dictum.augue@icloud.ca
Darrel Davenport,Vietnam,accumsan.neque@aol.couk
Rajah Pena,France,dui.fusce@hotmail.edu
Macon Lester,South Korea,arcu.vivamus@aol.com
Neve Weeks,Germany,etiam@hotmail.ca
Winter Le,United States,et.tristique@protonmail.couk
Camden Gill,Italy,cursus@hotmail.ca
Axel Watson,Spain,suspendisse.aliquet@protonmail.edu
Grant Montoya,Netherlands,aenean.sed@hotmail.couk
Steel Gibson,India,diam.eu@icloud.edu
Jael Beasley,Ukraine,in.consequat@outlook.net
Veda Sloan,South Korea,proin.ultrices@protonmail.ca
Hermione Forbes,India,habitant.morbi.tristique@yahoo.edu
Justine Donaldson,Ireland,interdum@protonmail.ca
Jin Mcfarland,Spain,id.sapien@outlook.couk
Richard Mcdaniel,Nigeria,vestibulum@google.net
Wade Townsend,New Zealand,egestas.urna.justo@hotmail.edu
Keiko Orr,Spain,velit@protonmail.edu
Jenna Acevedo,Austria,parturient@aol.ca
Sacha Nielsen,Indonesia,gravida.aliquam@icloud.ca
Nicholas Hancock,Ukraine,enim.nisl@aol.edu
Herman Hayes,Ireland,pharetra.sed@icloud.org
Uriel Joyner,Colombia,sagittis.augue@yahoo.net
Sarah Chandler,Indonesia,lorem.ipsum.dolor@aol.ca
Laith Carver,New Zealand,id.sapien@outlook.edu
Eleanor Conrad,Chile,donec.fringilla.donec@hotmail.org
Kasimir Guy,Peru,eu@icloud.edu
Paki Russell,New Zealand,adipiscing.elit@icloud.edu
Vanna Prince,Ireland,augue.sed.molestie@aol.net
Garrison Ray,Belgium,lobortis.ultrices@google.net
Theodore Savage,Sweden,vitae.aliquet@icloud.org
Macey Church,Pakistan,risus.quis@outlook.net
Upton Ruiz,United Kingdom,cras@icloud.net
Ryder Kelly,Australia,mollis.vitae.posuere@outlook.net
Garth Jefferson,Mexico,hendrerit@google.couk
Sybill Parker,Spain,tortor.dictum@hotmail.couk
Zenaida Dixon,Pakistan,elit.pede@google.couk
Erasmus Roach,Colombia,magnis.dis.parturient@aol.edu
Colleen Erickson,Ukraine,integer.in@hotmail.ca
Nash Valentine,United States,eu.neque.pellentesque@aol.net
Adrienne Mckinney,Austria,neque.in@yahoo.com
Jocelyn Cole,Italy,torquent@yahoo.ca
Karleigh O'donnell,Singapore,sodales.at.velit@protonmail.edu
Lila Strong,Italy,pede.nunc@icloud.couk
Harriet Santos,Australia,fringilla.mi@yahoo.couk
Avram Aguirre,Ukraine,cras.pellentesque@icloud.couk
Ella Foster,Mexico,vulputate.risus@google.com
Octavius Harrison,Singapore,elementum.lorem@yahoo.couk
Jayme Hurley,Poland,volutpat@outlook.couk
Odette Pollard,South Africa,lacus@google.org
Fritz Ortega,Spain,mauris.sagittis@icloud.net
Graiden Koch,Canada,primis.in.faucibus@yahoo.ca
Christopher Shannon,Norway,arcu.aliquam@google.org
Moana Oneil,Canada,risus.in.mi@google.edu
Kiona Boyer,Germany,sapien.imperdiet@google.edu
Justine Sexton,South Korea,ipsum.cursus@icloud.org
Pandora Mckinney,Norway,fringilla@aol.org
Emily Weaver,Italy,rutrum.urna@aol.ca
Brett Craig,China,sed.nec@outlook.org
Duncan Patterson,Peru,lorem.sit@aol.ca
Dolan Carson,Turkey,condimentum.eget@yahoo.ca
Ferris Carver,Peru,sed@yahoo.org
Cruz Burke,Colombia,cursus.in@protonmail.org
Cairo Martinez,Vietnam,vel.sapien@aol.edu
Anne Golden,China,luctus.ipsum.leo@yahoo.couk
Philip Mendoza,South Africa,auctor.nunc@aol.edu
Aladdin Moon,Chile,lorem@outlook.org
Gloria Hart,Sweden,sollicitudin.commodo@hotmail.ca
Ivan Wyatt,Netherlands,tincidunt.aliquam.arcu@outlook.net
Roanna Cook,China,libero@hotmail.couk
Nicholas Gould,Pakistan,imperdiet.non.vestibulum@protonmail.com
Lee Fernandez,France,est@icloud.ca
Lucas Gonzalez,United States,felis.purus.ac@google.net
Basia Moreno,South Korea,vulputate.posuere.vulputate@yahoo.org
Germane Martin,Ukraine,blandit.mattis@outlook.org
Neil Crane,Russian Federation,vitae.dolor@aol.ca
Brynne Swanson,United Kingdom,tellus.imperdiet@protonmail.org
Beck Sutton,Chile,et.magnis@yahoo.edu
Kasper Vincent,China,lobortis.risus@outlook.com
Keegan Bright,Belgium,a.feugiat@icloud.ca
Medge Benson,Costa Rica,augue@yahoo.com
Charity Gallagher,Costa Rica,fusce@icloud.net
James Gibbs,Singapore,nam.porttitor@yahoo.com
Hayden Chandler,Pakistan,ut.odio@aol.couk
Francesca Mitchell,Singapore,auctor.odio.a@hotmail.ca
Ira Vaughan,Philippines,adipiscing@yahoo.net
Leonard Estes,Ukraine,nascetur.ridiculus@aol.edu
Channing Tran,Pakistan,nam@protonmail.edu
Oliver Ashley,Chile,montes.nascetur@protonmail.com
Alan Mcgowan,France,ac.nulla.in@icloud.net
Simon Britt,Norway,rutrum.non@hotmail.ca
September Brock,Germany,libero.nec@hotmail.ca
Ferris Conner,Nigeria,libero.nec@aol.org
Hunter Curry,Brazil,erat.volutpat@outlook.net
Athena Allison,South Korea,eget@outlook.couk
Lareina Floyd,Sweden,quisque.varius@hotmail.com
Ina Blevins,Ireland,ligula.elit.pretium@google.couk
Martin Hayes,United Kingdom,est@protonmail.org
Quin Good,Nigeria,sem.pellentesque@hotmail.com
Janna Craig,Norway,semper.erat@aol.net
Leigh Frazier,South Africa,vel@yahoo.com
May Mayer,Philippines,gravida.mauris.ut@hotmail.com
Devin Forbes,Nigeria,ornare.in@outlook.org
Catherine Conner,United Kingdom,lorem@outlook.org
Dillon Livingston,Sweden,metus@aol.couk
Echo Morton,Belgium,orci@icloud.couk
Jenna Green,Australia,arcu.iaculis@aol.edu
Elaine Kinney,New Zealand,risus.nunc@google.org
Logan Moss,Brazil,non.luctus@yahoo.couk
Brynn Morrison,Italy,facilisis.lorem@google.com
Vernon Poole,Ireland,tellus@google.net
Tamara Sargent,Nigeria,at.nisi@protonmail.edu
Jaquelyn O'Neill,Russian Federation,inceptos@yahoo.edu
Erin Mccarty,Nigeria,pellentesque@icloud.org
Kermit Roberts,United States,cum.sociis@google.net
Nicholas Gilmore,South Korea,nisl.quisque.fringilla@icloud.couk
Sonya Glass,Spain,lorem.ac@yahoo.org
Trevor Tate,Indonesia,morbi.tristique@outlook.net
Drake Riddle,New Zealand,arcu.vivamus@yahoo.edu
Priscilla Gilbert,Germany,in@protonmail.ca
Scott Black,Brazil,ligula.nullam@protonmail.ca
Beck Gardner,Austria,eleifend.cras@google.org
Brent Michael,Germany,mattis.integer@aol.net
Brett Acosta,New Zealand,donec.dignissim.magna@yahoo.ca
Christopher Pacheco,Pakistan,dictum.phasellus@aol.edu
Kuame Potts,South Africa,gravida.non.sollicitudin@outlook.org
Ivan Haney,Canada,malesuada.integer@icloud.org
Amena Wilkerson,Italy,sagittis.felis.donec@aol.org
Dara Morin,Austria,dolor@icloud.com
Mary Curry,Norway,ut.pharetra@protonmail.ca
Zachery Yates,Netherlands,in@aol.couk
Russell Cross,Chile,urna@hotmail.ca
Joel Calhoun,Vietnam,magna.ut@aol.edu
Nathaniel Faulkner,Turkey,id.mollis@hotmail.net
Kristen Horne,Ukraine,vel.arcu.curabitur@aol.couk
Brandon Miller,Netherlands,suspendisse.non.leo@outlook.couk
Leilani Kerr,Belgium,metus.aenean.sed@outlook.com
Neve Brewer,Colombia,vel.faucibus@google.ca
Adria Guy,Belgium,eu.neque.pellentesque@yahoo.edu
Reuben Levy,Germany,urna.nullam@yahoo.edu
Oliver Riddle,Belgium,congue.turpis@yahoo.edu
Solomon Doyle,Philippines,laoreet.lectus.quis@google.net
Giselle Casey,United States,odio.vel.est@outlook.com
Adele Stafford,Canada,sollicitudin.orci.sem@icloud.couk
Rahim Powell,Mexico,pede.nunc.sed@hotmail.edu
Blossom Watson,Ukraine,ligula@yahoo.ca
Colette Hall,Belgium,nulla.magna.malesuada@protonmail.com
Plato Marsh,Turkey,sodales.purus@outlook.net
Macon Skinner,Poland,volutpat.nulla@outlook.net
Rose Guthrie,France,neque.nullam.ut@protonmail.ca
Channing Downs,Italy,in@yahoo.org
Rinah Melton,Mexico,velit.in.aliquet@icloud.edu
Eagan Head,Ukraine,amet.dapibus.id@outlook.org
Gil Carter,Spain,auctor.quis@hotmail.org
Baker Daugherty,Sweden,torquent.per@protonmail.com
Lara Buckley,United Kingdom,libero.proin@icloud.org
Candice Pittman,Indonesia,fusce.mi@icloud.couk
Amaya Chapman,Austria,amet.nulla.donec@icloud.net
Glenna Fitzpatrick,Germany,magna.tellus@outlook.edu
Malachi Rivera,Colombia,ultricies.sem.magna@outlook.edu
Abigail Harrington,Ukraine,phasellus.dolor.elit@outlook.couk
Dominic Wyatt,Netherlands,dictum.mi.ac@aol.org
Gwendolyn Knox,Indonesia,cras.interdum.nunc@outlook.couk
Nomlanga Hensley,Norway,maecenas.ornare@icloud.couk
Daquan Cole,United Kingdom,elit@outlook.ca
Amanda Pace,Colombia,nunc.id@aol.ca
Nell Frye,France,eu.elit.nulla@google.ca
Gemma Franklin,Ukraine,dui.fusce@yahoo.ca
Barbara Clayton,United States,pellentesque.ultricies@protonmail.org
Noelani Craft,Poland,sed.dictum@outlook.ca
Wesley Erickson,Italy,maecenas.malesuada.fringilla@protonmail.org
Rigel Donovan,United States,sollicitudin.orci@protonmail.couk
Penelope Jensen,Peru,nunc.ullamcorper.velit@protonmail.ca
Winter Conley,Ukraine,sapien@hotmail.ca
Ria Garrison,China,adipiscing.elit.aliquam@aol.couk
Nasim Fuller,Philippines,orci.consectetuer@aol.com
Sylvester Johnson,Netherlands,auctor.odio.a@outlook.ca
Danielle Chan,South Korea,fusce@hotmail.com
Harper Strong,Mexico,ipsum.dolor@icloud.ca
Ariel Talley,Indonesia,sit.amet@hotmail.edu
Elmo Holland,China,ut.mi@icloud.couk
Deacon Mooney,Colombia,amet.consectetuer@icloud.com
Oren Thomas,Indonesia,tortor.dictum@outlook.net
Ronan Huff,Germany,tincidunt.aliquam@google.com
Curran Orr,Brazil,et.nunc@icloud.couk
Mark Sexton,Australia,augue.malesuada@yahoo.com
Danielle Tillman,Ukraine,cubilia.curae@aol.edu
Tashya Maxwell,Vietnam,quis@protonmail.com
Cassandra Brady,Canada,suspendisse.sagittis@yahoo.org
Jennifer Fox,Sweden,quis.accumsan@icloud.edu
Jorden Lowe,Spain,nec.ante@icloud.edu
Rylee Benton,Italy,a.enim@google.com
Emerson Whitehead,United Kingdom,nam.tempor@icloud.net
Sebastian Dale,South Korea,euismod@icloud.ca
Kylynn Bridges,South Africa,ante.maecenas@hotmail.edu
Beatrice Winters,Peru,imperdiet.dictum.magna@google.net
Harlan Mckinney,United Kingdom,rhoncus.proin.nisl@protonmail.edu
Eagan Finch,Australia,mattis.cras@google.couk
Harlan Diaz,New Zealand,lorem.eget@yahoo.edu
Clayton Campos,France,ante.lectus.convallis@outlook.edu
Lilah Whitaker,United States,purus.in.molestie@protonmail.ca
Preston Holman,China,justo.praesent@icloud.org
Patience Tate,Turkey,dictum.augue.malesuada@protonmail.couk
Herrod Hubbard,Germany,fusce.mi.lorem@yahoo.couk
Amela Mann,Chile,consequat.nec@outlook.net
Leonard Jacobs,Turkey,commodo.ipsum.suspendisse@google.edu
Emerald English,Mexico,ultrices.duis.volutpat@icloud.edu
Maggy Guthrie,Indonesia,dolor.sit@google.net
Micah Lawrence,New Zealand,quam.dignissim.pharetra@outlook.net
Hedy Haley,Philippines,dui@hotmail.couk
Dorothy Noble,China,sem.consequat@outlook.com
Francis Lucas,France,euismod.est.arcu@aol.com
Cheryl Snider,Peru,vestibulum.ante@aol.couk
Lucian Murray,Italy,a.mi@protonmail.net
Wesley Drake,Spain,nam@google.org
Libby Murray,Ukraine,varius@yahoo.org
Natalie Ruiz,Poland,pellentesque@icloud.couk
Amir Knowles,New Zealand,et.lacinia@hotmail.edu
Imani Copeland,Singapore,fringilla@yahoo.ca
Victor Livingston,Brazil,velit.sed.malesuada@outlook.net
Lavinia Gross,Turkey,libero@google.org
Grant Ramos,Canada,a.feugiat@outlook.org
Carla Mclaughlin,Mexico,morbi.neque@icloud.ca
Kirby Levy,Australia,diam@yahoo.couk
Davis Harrell,Brazil,dui.lectus@yahoo.net
Daphne Frazier,Ukraine,ac.mattis.velit@icloud.com
Beck Grant,Austria,mauris.sit@hotmail.ca
Shad Carter,France,eget.metus@google.ca
Julie Shepard,Costa Rica,nunc@aol.org
Griffin Bailey,Singapore,proin.ultrices@yahoo.edu
Natalie Price,Australia,mauris.ut@aol.ca
Indira Carter,Netherlands,pharetra.quisque@hotmail.couk
Daquan Cunningham,Singapore,blandit.mattis.cras@protonmail.com
Brenda Albert,Germany,urna.convallis.erat@yahoo.ca
Aline Peters,Spain,et.pede@aol.org
Brendan Hall,Chile,massa@aol.edu
Byron Bond,South Korea,tristique.pharetra@icloud.org
Aline Cash,Colombia,orci@hotmail.couk
Erica Schneider,Belgium,non.feugiat@aol.org
Nichole Ferguson,Nigeria,molestie.dapibus@icloud.org
Graiden Garcia,India,velit.justo@icloud.net
Tarik Newman,Singapore,nec.euismod@google.com
Moses Randolph,Pakistan,neque.in@google.edu
Latifah Reyes,Belgium,vestibulum@google.org
Katell Reynolds,Ireland,aliquet.sem@protonmail.ca
Kato Edwards,Sweden,quis.urna.nunc@google.net
Rachel Quinn,Germany,non.nisi@protonmail.ca
Amos Avila,Peru,fringilla@hotmail.org
Tate Robles,Vietnam,molestie.arcu.sed@yahoo.ca
Austin Cunningham,India,luctus.ut@outlook.com
Walter Mathis,Sweden,magna@aol.org
Tucker Norton,Indonesia,gravida@google.org
Amaya Swanson,New Zealand,consequat.auctor@yahoo.couk
Maia Patterson,Germany,diam@yahoo.com
Galvin Hatfield,Turkey,justo.proin@aol.ca
Nadine Stein,Vietnam,sed.pharetra@google.couk
Stacy Mcintosh,United States,feugiat.placerat@google.couk
Jacob Bray,Chile,sem@outlook.ca
Salvador Dillard,Turkey,etiam.imperdiet@yahoo.org
Jonah Olson,Netherlands,nulla@protonmail.com
Shellie Knowles,Vietnam,sapien.aenean@icloud.net
Denton Knowles,China,amet.ultricies@yahoo.net
Charissa Robertson,Costa Rica,porttitor.vulputate@outlook.org
Paula French,Austria,nec.metus@yahoo.net
Meghan Dawson,Belgium,odio@protonmail.couk
Graham Mcintosh,India,nunc.sollicitudin@yahoo.org
Hop Alston,Pakistan,interdum.curabitur.dictum@hotmail.net
Uta Logan,Philippines,fusce.aliquet@hotmail.couk
Kibo Adkins,Pakistan,fermentum.fermentum@protonmail.ca
Arden Rush,Belgium,in.consectetuer@icloud.edu
Lionel Noel,New Zealand,amet.metus@icloud.org
Amos Valdez,Costa Rica,eu.eros.nam@aol.com
Christian Horton,Russian Federation,tempor.lorem@yahoo.ca
Chastity Hill,Mexico,gravida.praesent@icloud.org
Libby Callahan,Austria,sed@outlook.ca
Miriam Sears,Australia,est.nunc@protonmail.org
Thor Buchanan,Australia,phasellus.in@icloud.ca
Xavier Mercer,Turkey,libero@outlook.couk
Rana Weaver,Vietnam,eget.ipsum@yahoo.com
Florence Forbes,Vietnam,mi.enim@hotmail.ca
Damian Ochoa,Italy,vestibulum@icloud.ca
Pascale Becker,Colombia,erat.semper@aol.edu
Cheryl Thornton,Austria,habitant.morbi@hotmail.com
Calista Meyer,Chile,egestas.sed.pharetra@hotmail.org
Eugenia Willis,New Zealand,ornare.placerat@google.couk
William Branch,Sweden,duis.volutpat.nunc@google.org
Holmes Grant,Australia,auctor@protonmail.org
Mariko Huffman,Ukraine,nisl.arcu@google.couk
Baxter Barron,Netherlands,magna@google.edu
Kimberley Prince,Vietnam,cursus.integer@protonmail.net
Bruce Morin,United Kingdom,nisl.quisque@yahoo.org
Quynn Nelson,Brazil,et.lacinia@icloud.ca
Rhonda Church,Mexico,donec.tempus@yahoo.ca
Susan Sweet,United Kingdom,augue.eu@protonmail.couk
Maite Perry,South Korea,elementum@protonmail.com
Carter Reed,Colombia,felis.orci@yahoo.net
Patrick Moody,Poland,luctus@icloud.com
Ruby Dejesus,Peru,ipsum.donec.sollicitudin@icloud.couk
Josiah Pugh,Vietnam,sed@icloud.net
Tate Spencer,Colombia,eleifend.vitae@aol.ca
Sybill Gilliam,South Korea,suspendisse@google.com
Blythe Jordan,Norway,lobortis@yahoo.net
Hall Knowles,Germany,ac.risus@aol.ca
Nash Peters,New Zealand,varius.ultrices@protonmail.ca
Amos Garrison,Colombia,eu.arcu@icloud.ca
Libby Hines,United States,dictum.phasellus.in@icloud.ca
Hillary Nunez,Ireland,venenatis@yahoo.ca
Hiram Head,Austria,fusce.aliquam@protonmail.com
Portia Solomon,Brazil,cras.eu@icloud.com
Hedley Byers,Belgium,magnis@icloud.org
Nissim Weiss,Austria,rhoncus@google.ca
Ursa Little,Ukraine,ultrices.vivamus@google.couk
Whilemina Holmes,United Kingdom,nulla.magna@aol.couk
Keegan Crosby,Turkey,non.vestibulum@protonmail.net
Hanna Irwin,Spain,in.sodales@outlook.org
Quynn Savage,Costa Rica,neque.non@hotmail.couk
Kai Stephenson,Austria,augue.ac@outlook.edu
Tallulah House,Chile,phasellus.libero@protonmail.couk
Lacey Patel,Singapore,donec.consectetuer@protonmail.net
Zane Solomon,Costa Rica,nec.euismod@google.ca
Kelly Forbes,Canada,est@outlook.com
Elvis Lawson,Colombia,vulputate.nisi.sem@aol.ca
Lesley Jacobs,Australia,egestas@hotmail.net
Leilani Cox,Canada,dolor.vitae@aol.net
Signe Ward,Nigeria,est.arcu@google.org
Julian Bell,South Africa,in@outlook.ca
Simone Roth,Singapore,sed.consequat.auctor@hotmail.com
Roanna Kinney,Singapore,imperdiet.nec@protonmail.edu
Kiona Juarez,Germany,nunc.mauris.morbi@outlook.net
Latifah Harper,Peru,integer.vulputate@outlook.couk
Genevieve Ferrell,Belgium,et.lacinia@icloud.ca
Stacy Guy,Spain,libero@hotmail.net
Maris Mclaughlin,Vietnam,non.hendrerit@aol.couk
Jared Guzman,Poland,donec.egestas@yahoo.com
Arden Patterson,Philippines,varius.ultrices@yahoo.net
Rogan Sharpe,France,ante.nunc.mauris@google.couk
Jenette Wheeler,Colombia,nunc.sed@aol.couk
Macaulay Boyer,France,sed.dictum@icloud.org
Branden Campbell,Chile,luctus.ut@aol.ca
Erica Singleton,Peru,nunc@icloud.org
Scott Todd,Vietnam,eu.nulla.at@google.ca
Hector Cortez,Peru,sem.nulla.interdum@protonmail.couk
Abra Rivers,Brazil,lorem.eget.mollis@outlook.net
Colt Snider,United States,suspendisse@aol.org
Megan Baxter,Chile,enim@aol.net
Wanda Rios,India,eu@protonmail.org
Demetrius Melton,Netherlands,sed.orci@hotmail.ca
Adria Walters,Vietnam,etiam.vestibulum@icloud.org
Yolanda Meadows,Sweden,ac.mattis.ornare@aol.org
Russell Huber,Pakistan,pellentesque.massa.lobortis@outlook.edu
Ramona Hines,Spain,morbi.tristique.senectus@outlook.ca
Tate Garza,United Kingdom,non@aol.com
Lana Harrington,Austria,nisl.maecenas@hotmail.ca
Lev Mitchell,South Africa,et.libero@outlook.org
Vance Klein,Poland,mattis.ornare@protonmail.ca
Zelda Maldonado,Poland,cras.eu.tellus@icloud.couk
Justin Duran,Sweden,auctor@google.net
Kibo Foster,Singapore,purus.maecenas.libero@aol.couk
Brynn Compton,Poland,ut.aliquam.iaculis@google.edu
Brennan Hendrix,Poland,lorem.eget.mollis@hotmail.edu
Declan Gutierrez,Brazil,interdum.nunc@google.ca
Sawyer Estrada,Ukraine,tortor.dictum@protonmail.couk
Tanya Callahan,Germany,fringilla.euismod@icloud.edu
Claudia Hood,Indonesia,aenean.egestas@google.org
Iona Caldwell,China,sapien.cras@google.org
Levi Watkins,United States,lacus.varius@outlook.edu
Shad Albert,India,at.pede.cras@outlook.com
Carol Santos,Austria,massa.non.ante@icloud.com
Paula Grimes,Belgium,mauris.ipsum.porta@protonmail.ca
Tyler Underwood,Sweden,sed.neque@protonmail.ca
Caryn Bonner,Sweden,dui.quis@icloud.couk
Darius Sparks,South Korea,sem@protonmail.couk
Lars Davis,Norway,ut.tincidunt@aol.net
Arsenio Kane,Belgium,lorem@google.edu
Zachary Battle,Turkey,at@aol.edu
Idona Guzman,South Africa,arcu@aol.com
Kermit Park,Germany,morbi.tristique.senectus@aol.org
Marcia Figueroa,Brazil,quisque.fringilla.euismod@google.net
Daquan Sweeney,Netherlands,mauris.sagittis@icloud.net
Curran Robles,France,felis@yahoo.net
Alec Gaines,Nigeria,vel.faucibus@protonmail.ca
Curran Garrison,Russian Federation,congue@outlook.com
Maxwell Conway,Netherlands,non.dapibus@aol.com
Gregory Benson,Singapore,sit.amet@google.net
Dahlia Guthrie,Philippines,netus@hotmail.net
Holly Becker,Austria,elit@outlook.com
Abigail Potts,United Kingdom,netus.et@icloud.ca
Dale Myers,New Zealand,posuere.at@aol.net
Stella Drake,Australia,lectus.justo.eu@aol.net
Janna Gould,France,a.odio.semper@protonmail.edu
Hamish Mosley,Philippines,parturient@google.couk
Britanni Solomon,United States,augue@yahoo.net
Sopoline Ballard,Turkey,arcu@aol.net
Lana Pruitt,United States,dictum.mi@aol.com
Arden Carr,Chile,justo.nec@protonmail.couk
Graiden Atkins,Colombia,purus.duis.elementum@icloud.edu
Chelsea Nicholson,Austria,fermentum.vel@yahoo.edu
Velma Carney,India,congue.a.aliquet@icloud.net
Warren Horn,Norway,semper.tellus.id@yahoo.edu
Leigh Glass,Austria,ornare.egestas@yahoo.org
Noble Lyons,Austria,lacus.nulla@hotmail.ca
Karleigh Richard,Vietnam,tellus.lorem@yahoo.couk
Brandon Poole,Costa Rica,ornare.facilisis@protonmail.net
Teegan Owen,Pakistan,diam.pellentesque@aol.ca
Scarlet Butler,Chile,taciti.sociosqu@yahoo.couk
Vladimir Rollins,China,lorem.ipsum@outlook.org
Cailin Ayers,Colombia,gravida.sagittis@aol.couk
Lana Farley,France,neque@hotmail.couk
Irene Dalton,Pakistan,diam@hotmail.ca
Brady Knight,Singapore,donec.porttitor@hotmail.org
Troy Rutledge,India,ultrices.duis@protonmail.ca
Grady Ashley,Vietnam,eget.dictum@icloud.edu
Gil Sullivan,Australia,vestibulum@hotmail.ca
Lee Howell,Indonesia,malesuada@google.org
Mari Delaney,New Zealand,dis.parturient.montes@icloud.com
Dominic Hayden,United States,adipiscing.fringilla@google.net
Tad Haley,Philippines,nec.mollis@yahoo.com
Alfonso Leon,Ireland,cum.sociis.natoque@google.couk
Ulysses Melendez,Mexico,pellentesque.tincidunt.tempus@aol.com
Tiger Fry,Costa Rica,pellentesque@aol.org
Jared Cameron,France,venenatis@hotmail.couk
Francesca Best,Mexico,aliquet.molestie@protonmail.ca
Adria Whitley,Russian Federation,cum@aol.ca
Hilary Roberts,Belgium,lorem.auctor@yahoo.ca
Dylan Zimmerman,Chile,sagittis.placerat@protonmail.edu
Gillian Holman,Brazil,non.lacinia@protonmail.edu
Vincent Vance,South Africa,enim.suspendisse.aliquet@google.org
Carl Alvarado,Brazil,elit@outlook.edu
Sandra Hodge,Costa Rica,id.ante@protonmail.org
Burton Ewing,Chile,pharetra.sed@protonmail.net
Jolene Carpenter,Austria,libero@google.ca
Jason Mcdaniel,Netherlands,pharetra@protonmail.org
Lyle Whitley,Vietnam,arcu.imperdiet@icloud.edu
Merritt Summers,Canada,pretium.neque.morbi@yahoo.ca
Hashim Miranda,Singapore,id@icloud.couk
Jasmine Farmer,Netherlands,vehicula.aliquet@yahoo.edu
Nita Nieves,Poland,ridiculus@protonmail.com
Teegan Hendricks,Netherlands,ligula.aliquam.erat@google.couk
Suki Greene,Norway,felis.donec@google.org
Yoko Barker,France,mauris@yahoo.couk
Chastity Ferguson,Ireland,dapibus.id@google.edu
Channing Herring,Brazil,auctor.non@outlook.couk
Nathan Mckenzie,India,lobortis.augue@hotmail.couk
Honorato Hooper,Nigeria,consectetuer.adipiscing@google.net
Stone Combs,France,dictum.sapien.aenean@icloud.edu
Tanner Velazquez,Indonesia,non.dui.nec@icloud.com
Gray Green,Russian Federation,sem.molestie.sodales@yahoo.couk
Salvador Yates,Russian Federation,cras@outlook.net
Knox O'donnell,Austria,duis.at@aol.ca
Jin Gutierrez,Pakistan,eu.elit@aol.ca
Leslie Levine,Australia,urna.et@outlook.couk
Idola Duffy,Belgium,nisi.aenean@protonmail.couk
Cleo Justice,Australia,dictum.magna.ut@google.net
Hedda Ochoa,Philippines,risus.nunc@protonmail.ca
Phillip Middleton,Nigeria,donec.tempus.lorem@outlook.edu
Colorado Guy,Italy,ante.ipsum@aol.org
Xander Alvarado,Singapore,quis.accumsan@google.ca
Hadassah Roach,Spain,elit.sed.consequat@protonmail.net
Lenore Le,China,lorem.ipsum@icloud.edu
Orla Pugh,Mexico,magna@protonmail.net
Bell Kidd,Nigeria,odio.vel@outlook.org
Leah Fisher,Singapore,enim.condimentum.eget@google.org
Irma Greer,Germany,in.ornare@google.ca
Eric Patton,Nigeria,id.nunc@protonmail.edu
Igor Deleon,South Africa,adipiscing.ligula@google.couk
Callie Hill,Colombia,ornare.libero@aol.net
Kaseem Gates,Singapore,morbi@hotmail.net
Bruno Mitchell,India,eget.magna@yahoo.couk
Yasir Sheppard,Germany,in@yahoo.com
Moses Delaney,Australia,euismod.ac.fermentum@hotmail.edu
Tad Farrell,Sweden,commodo.ipsum.suspendisse@hotmail.ca
Kirestin Bates,Chile,sociis.natoque@outlook.ca
Myra Osborn,Chile,faucibus.lectus@google.net
Latifah Ramirez,Vietnam,at.nisi@yahoo.org
Justine Landry,Philippines,diam.lorem@aol.edu
Ethan Garza,Indonesia,natoque.penatibus.et@protonmail.couk
Alexa Mcclain,Nigeria,ornare@aol.ca
Carl Erickson,Austria,eleifend.vitae@hotmail.net
Claire Fletcher,New Zealand,id@aol.edu
Kenneth Jacobs,Russian Federation,eget.ipsum@hotmail.org
Maite Sanchez,United States,sem@outlook.net
Tyler Romero,Chile,elit.dictum.eu@hotmail.couk
Joel Summers,Canada,nulla.facilisi@hotmail.ca
Kiara House,South Africa,turpis.non@hotmail.net
Selma Foster,Austria,vulputate.mauris@hotmail.org
Jana Bryant,Russian Federation,nulla.tincidunt@yahoo.edu
Fleur Solomon,Canada,pharetra.nibh@yahoo.couk
Bert Herman,Poland,et.malesuada.fames@aol.couk
Deanna Peck,Australia,dis@aol.com
Prescott Harmon,Norway,massa.suspendisse.eleifend@aol.com
Amelia Boyle,Nigeria,at.lacus.quisque@yahoo.com
Cora Morin,Peru,eleifend.non@google.couk
Rose Dickerson,United Kingdom,mauris@hotmail.com
Howard Bird,Australia,eu@google.couk
Kyra Tate,Russian Federation,sed@outlook.couk
Zoe Soto,India,tellus.non@icloud.edu
Rhona Ball,Philippines,at@yahoo.ca
Belle Talley,Ireland,nunc.ac@hotmail.edu
Alea Buck,Sweden,lorem.donec.elementum@protonmail.couk
Leonard Copeland,South Korea,nunc@aol.couk
